,url,isOrganizational,isBot,isTroll
0pinar7,"https://docs.google.com/forms/d/e/1FAIpQLScfbDgfkJnYlZ5iZO3CG2gt7xNKYN_geowOE3eLFz15eE8WWg/viewform?usp=pp_url&entry.408155014=https://twitter.com/0PINAR7&entry.1435088866=26748
",No,No,No
chd_aydn,"https://docs.google.com/forms/d/e/1FAIpQLScfbDgfkJnYlZ5iZO3CG2gt7xNKYN_geowOE3eLFz15eE8WWg/viewform?usp=pp_url&entry.408155014=https://twitter.com/chd_aydn&entry.1435088866=26748
",No,No,No
66_temel_06,"https://docs.google.com/forms/d/e/1FAIpQLScfbDgfkJnYlZ5iZO3CG2gt7xNKYN_geowOE3eLFz15eE8WWg/viewform?usp=pp_url&entry.408155014=https://twitter.com/66_Temel_06&entry.1435088866=26748
",No,Yes,Yes
rabosscy,"https://docs.google.com/forms/d/e/1FAIpQLScfbDgfkJnYlZ5iZO3CG2gt7xNKYN_geowOE3eLFz15eE8WWg/viewform?usp=pp_url&entry.408155014=https://twitter.com/rabosscy&entry.1435088866=26748
",No,No,No
emineemiir,"https://docs.google.com/forms/d/e/1FAIpQLScfbDgfkJnYlZ5iZO3CG2gt7xNKYN_geowOE3eLFz15eE8WWg/viewform?usp=pp_url&entry.408155014=https://twitter.com/emineemiir&entry.1435088866=26748
",No,No,Yes
adilzca68257154,"https://docs.google.com/forms/d/e/1FAIpQLScfbDgfkJnYlZ5iZO3CG2gt7xNKYN_geowOE3eLFz15eE8WWg/viewform?usp=pp_url&entry.408155014=https://twitter.com/Adilzca68257154&entry.1435088866=26748
",No,Yes,No
safiyyesultan2,"https://docs.google.com/forms/d/e/1FAIpQLScfbDgfkJnYlZ5iZO3CG2gt7xNKYN_geowOE3eLFz15eE8WWg/viewform?usp=pp_url&entry.408155014=https://twitter.com/SafiyyeSultan2&entry.1435088866=26748
",No,Yes,Yes
mariamsmart,"https://docs.google.com/forms/d/e/1FAIpQLScfbDgfkJnYlZ5iZO3CG2gt7xNKYN_geowOE3eLFz15eE8WWg/viewform?usp=pp_url&entry.408155014=https://twitter.com/mariamsmart&entry.1435088866=26748
",Yes,Yes,Not sure
1917_bolsevik,"https://docs.google.com/forms/d/e/1FAIpQLScfbDgfkJnYlZ5iZO3CG2gt7xNKYN_geowOE3eLFz15eE8WWg/viewform?usp=pp_url&entry.408155014=https://twitter.com/1917_Bolsevik&entry.1435088866=26748
",No,Yes,Yes
kayayse__,"https://docs.google.com/forms/d/e/1FAIpQLScfbDgfkJnYlZ5iZO3CG2gt7xNKYN_geowOE3eLFz15eE8WWg/viewform?usp=pp_url&entry.408155014=https://twitter.com/KayAyse__&entry.1435088866=26748
",No,Not sure,Not sure
hicenderhic00,"https://docs.google.com/forms/d/e/1FAIpQLScfbDgfkJnYlZ5iZO3CG2gt7xNKYN_geowOE3eLFz15eE8WWg/viewform?usp=pp_url&entry.408155014=https://twitter.com/hicenderhic00&entry.1435088866=26748
",No,No,Yes
bokvaryicenm,"https://docs.google.com/forms/d/e/1FAIpQLScfbDgfkJnYlZ5iZO3CG2gt7xNKYN_geowOE3eLFz15eE8WWg/viewform?usp=pp_url&entry.408155014=https://twitter.com/bokvaryicenm&entry.1435088866=26748
",No,No,Yes
ekincanaksoy,"https://docs.google.com/forms/d/e/1FAIpQLScfbDgfkJnYlZ5iZO3CG2gt7xNKYN_geowOE3eLFz15eE8WWg/viewform?usp=pp_url&entry.408155014=https://twitter.com/EkincanAksoy&entry.1435088866=26748
",No,No,No
nolmusyanii__,"https://docs.google.com/forms/d/e/1FAIpQLScfbDgfkJnYlZ5iZO3CG2gt7xNKYN_geowOE3eLFz15eE8WWg/viewform?usp=pp_url&entry.408155014=https://twitter.com/nolmusyanii__&entry.1435088866=26748
",No,No,Yes
rai_desuu,"https://docs.google.com/forms/d/e/1FAIpQLScfbDgfkJnYlZ5iZO3CG2gt7xNKYN_geowOE3eLFz15eE8WWg/viewform?usp=pp_url&entry.408155014=https://twitter.com/rai_desuu&entry.1435088866=26748
",No,Yes,No
vmpoesie,"https://docs.google.com/forms/d/e/1FAIpQLScfbDgfkJnYlZ5iZO3CG2gt7xNKYN_geowOE3eLFz15eE8WWg/viewform?usp=pp_url&entry.408155014=https://twitter.com/vmpoesie&entry.1435088866=26748
",No,Not sure,Not sure
muneccimsimge,"https://docs.google.com/forms/d/e/1FAIpQLScfbDgfkJnYlZ5iZO3CG2gt7xNKYN_geowOE3eLFz15eE8WWg/viewform?usp=pp_url&entry.408155014=https://twitter.com/muneccimsimge&entry.1435088866=26748
",No,No,Yes
akmeclis1rt,"https://docs.google.com/forms/d/e/1FAIpQLScfbDgfkJnYlZ5iZO3CG2gt7xNKYN_geowOE3eLFz15eE8WWg/viewform?usp=pp_url&entry.408155014=https://twitter.com/Akmeclis1rt&entry.1435088866=26748
",Yes,No,Yes
ali07197807,"https://docs.google.com/forms/d/e/1FAIpQLScfbDgfkJnYlZ5iZO3CG2gt7xNKYN_geowOE3eLFz15eE8WWg/viewform?usp=pp_url&entry.408155014=https://twitter.com/Ali07197807&entry.1435088866=26748
",No,Not sure,No
canimmbenimm3,"https://docs.google.com/forms/d/e/1FAIpQLScfbDgfkJnYlZ5iZO3CG2gt7xNKYN_geowOE3eLFz15eE8WWg/viewform?usp=pp_url&entry.408155014=https://twitter.com/canimmbenimm3&entry.1435088866=26748
",No,No,No
melekkarakok,"https://docs.google.com/forms/d/e/1FAIpQLScfbDgfkJnYlZ5iZO3CG2gt7xNKYN_geowOE3eLFz15eE8WWg/viewform?usp=pp_url&entry.408155014=https://twitter.com/MelekKarakok&entry.1435088866=26748
",No,Not sure,No
abdulba13290357,"https://docs.google.com/forms/d/e/1FAIpQLScfbDgfkJnYlZ5iZO3CG2gt7xNKYN_geowOE3eLFz15eE8WWg/viewform?usp=pp_url&entry.408155014=https://twitter.com/Abdulba13290357&entry.1435088866=26748
",No,Not sure,No
cuba_selbin,"https://docs.google.com/forms/d/e/1FAIpQLScfbDgfkJnYlZ5iZO3CG2gt7xNKYN_geowOE3eLFz15eE8WWg/viewform?usp=pp_url&entry.408155014=https://twitter.com/Cuba_Selbin&entry.1435088866=26748
",No,No,Yes
eminolu2,"https://docs.google.com/forms/d/e/1FAIpQLScfbDgfkJnYlZ5iZO3CG2gt7xNKYN_geowOE3eLFz15eE8WWg/viewform?usp=pp_url&entry.408155014=https://twitter.com/eminolu2&entry.1435088866=26748
",No,No,No
veyseliko3,"https://docs.google.com/forms/d/e/1FAIpQLScfbDgfkJnYlZ5iZO3CG2gt7xNKYN_geowOE3eLFz15eE8WWg/viewform?usp=pp_url&entry.408155014=https://twitter.com/Veyseliko3&entry.1435088866=26748
",No,Yes,No
melisa26101455,"https://docs.google.com/forms/d/e/1FAIpQLScfbDgfkJnYlZ5iZO3CG2gt7xNKYN_geowOE3eLFz15eE8WWg/viewform?usp=pp_url&entry.408155014=https://twitter.com/Melisa26101455&entry.1435088866=26748
",No,Not sure,Not sure
abdurrahman_sng,"https://docs.google.com/forms/d/e/1FAIpQLScfbDgfkJnYlZ5iZO3CG2gt7xNKYN_geowOE3eLFz15eE8WWg/viewform?usp=pp_url&entry.408155014=https://twitter.com/abdurrahman_sng&entry.1435088866=26748
",No,Yes,Yes
grslsntlarogrt,"https://docs.google.com/forms/d/e/1FAIpQLScfbDgfkJnYlZ5iZO3CG2gt7xNKYN_geowOE3eLFz15eE8WWg/viewform?usp=pp_url&entry.408155014=https://twitter.com/grslsntlarogrt&entry.1435088866=26748
",No,Not sure,Not sure
nurtpwk,"https://docs.google.com/forms/d/e/1FAIpQLScfbDgfkJnYlZ5iZO3CG2gt7xNKYN_geowOE3eLFz15eE8WWg/viewform?usp=pp_url&entry.408155014=https://twitter.com/NurTpwk&entry.1435088866=26748
",No,Not sure,Not sure
clk_fnd,"https://docs.google.com/forms/d/e/1FAIpQLScfbDgfkJnYlZ5iZO3CG2gt7xNKYN_geowOE3eLFz15eE8WWg/viewform?usp=pp_url&entry.408155014=https://twitter.com/clk_fnd&entry.1435088866=26748
",No,No,Yes
secendu,"https://docs.google.com/forms/d/e/1FAIpQLScfbDgfkJnYlZ5iZO3CG2gt7xNKYN_geowOE3eLFz15eE8WWg/viewform?usp=pp_url&entry.408155014=https://twitter.com/secendu&entry.1435088866=26748
",No,Yes,No
seda_incekara,"https://docs.google.com/forms/d/e/1FAIpQLScfbDgfkJnYlZ5iZO3CG2gt7xNKYN_geowOE3eLFz15eE8WWg/viewform?usp=pp_url&entry.408155014=https://twitter.com/seda_incekara&entry.1435088866=26748
",No,Yes,No
kdrcml_1453,"https://docs.google.com/forms/d/e/1FAIpQLScfbDgfkJnYlZ5iZO3CG2gt7xNKYN_geowOE3eLFz15eE8WWg/viewform?usp=pp_url&entry.408155014=https://twitter.com/kdrcml_1453&entry.1435088866=26748
",No,Yes,No
hasanguney1111,"https://docs.google.com/forms/d/e/1FAIpQLScfbDgfkJnYlZ5iZO3CG2gt7xNKYN_geowOE3eLFz15eE8WWg/viewform?usp=pp_url&entry.408155014=https://twitter.com/hasanguney1111&entry.1435088866=26748
",No,Yes,No
uguralzu,"https://docs.google.com/forms/d/e/1FAIpQLScfbDgfkJnYlZ5iZO3CG2gt7xNKYN_geowOE3eLFz15eE8WWg/viewform?usp=pp_url&entry.408155014=https://twitter.com/uguralzu&entry.1435088866=26748
",No,No,No
nesibe66068027,"https://docs.google.com/forms/d/e/1FAIpQLScfbDgfkJnYlZ5iZO3CG2gt7xNKYN_geowOE3eLFz15eE8WWg/viewform?usp=pp_url&entry.408155014=https://twitter.com/Nesibe66068027&entry.1435088866=26748
",No,Yes,No
genclikkulup,"https://docs.google.com/forms/d/e/1FAIpQLScfbDgfkJnYlZ5iZO3CG2gt7xNKYN_geowOE3eLFz15eE8WWg/viewform?usp=pp_url&entry.408155014=https://twitter.com/Genclikkulup&entry.1435088866=26748
",Yes,No,No
mraksuu5,"https://docs.google.com/forms/d/e/1FAIpQLScfbDgfkJnYlZ5iZO3CG2gt7xNKYN_geowOE3eLFz15eE8WWg/viewform?usp=pp_url&entry.408155014=https://twitter.com/mraksuu5&entry.1435088866=26748
",No,No,No
knksenaglion,"https://docs.google.com/forms/d/e/1FAIpQLScfbDgfkJnYlZ5iZO3CG2gt7xNKYN_geowOE3eLFz15eE8WWg/viewform?usp=pp_url&entry.408155014=https://twitter.com/knksenaglion&entry.1435088866=26748
",No,No,No
jumpituupp,"https://docs.google.com/forms/d/e/1FAIpQLScfbDgfkJnYlZ5iZO3CG2gt7xNKYN_geowOE3eLFz15eE8WWg/viewform?usp=pp_url&entry.408155014=https://twitter.com/jumpituupp&entry.1435088866=26748
",No,No,No
2mizbirfidaniz,"https://docs.google.com/forms/d/e/1FAIpQLScfbDgfkJnYlZ5iZO3CG2gt7xNKYN_geowOE3eLFz15eE8WWg/viewform?usp=pp_url&entry.408155014=https://twitter.com/2mizbirfidaniz&entry.1435088866=26748
",No,No,No
blackheart01102,"https://docs.google.com/forms/d/e/1FAIpQLScfbDgfkJnYlZ5iZO3CG2gt7xNKYN_geowOE3eLFz15eE8WWg/viewform?usp=pp_url&entry.408155014=https://twitter.com/blackheart01102&entry.1435088866=26748
",No,No,No
inkigayokizi,"https://docs.google.com/forms/d/e/1FAIpQLScfbDgfkJnYlZ5iZO3CG2gt7xNKYN_geowOE3eLFz15eE8WWg/viewform?usp=pp_url&entry.408155014=https://twitter.com/inkigayokizi&entry.1435088866=26748
",No,Not sure,Not sure
abdulhamithefi1,"https://docs.google.com/forms/d/e/1FAIpQLScfbDgfkJnYlZ5iZO3CG2gt7xNKYN_geowOE3eLFz15eE8WWg/viewform?usp=pp_url&entry.408155014=https://twitter.com/abdulhamithefi1&entry.1435088866=26748
",No,No,Yes
8989brother,"https://docs.google.com/forms/d/e/1FAIpQLScfbDgfkJnYlZ5iZO3CG2gt7xNKYN_geowOE3eLFz15eE8WWg/viewform?usp=pp_url&entry.408155014=https://twitter.com/8989brother&entry.1435088866=26748
",No,Yes,No
islektvit,"https://docs.google.com/forms/d/e/1FAIpQLScfbDgfkJnYlZ5iZO3CG2gt7xNKYN_geowOE3eLFz15eE8WWg/viewform?usp=pp_url&entry.408155014=https://twitter.com/islektvit&entry.1435088866=26748
",No,Yes,Yes
waynsals,"https://docs.google.com/forms/d/e/1FAIpQLScfbDgfkJnYlZ5iZO3CG2gt7xNKYN_geowOE3eLFz15eE8WWg/viewform?usp=pp_url&entry.408155014=https://twitter.com/waynsals&entry.1435088866=26748
",No,No,No
fatihe64330969,"https://docs.google.com/forms/d/e/1FAIpQLScfbDgfkJnYlZ5iZO3CG2gt7xNKYN_geowOE3eLFz15eE8WWg/viewform?usp=pp_url&entry.408155014=https://twitter.com/FatihE64330969&entry.1435088866=26748
",No,Yes,No
hazanguzel,"https://docs.google.com/forms/d/e/1FAIpQLScfbDgfkJnYlZ5iZO3CG2gt7xNKYN_geowOE3eLFz15eE8WWg/viewform?usp=pp_url&entry.408155014=https://twitter.com/HazanGuzel&entry.1435088866=26748
",No,No,No
minadide2,"https://docs.google.com/forms/d/e/1FAIpQLScfbDgfkJnYlZ5iZO3CG2gt7xNKYN_geowOE3eLFz15eE8WWg/viewform?usp=pp_url&entry.408155014=https://twitter.com/minadide2&entry.1435088866=26748
",No,Yes,Yes
edilsoz,"https://docs.google.com/forms/d/e/1FAIpQLScfbDgfkJnYlZ5iZO3CG2gt7xNKYN_geowOE3eLFz15eE8WWg/viewform?usp=pp_url&entry.408155014=https://twitter.com/edilsoz&entry.1435088866=26748
",No,No,No
daonsemanggi,"https://docs.google.com/forms/d/e/1FAIpQLScfbDgfkJnYlZ5iZO3CG2gt7xNKYN_geowOE3eLFz15eE8WWg/viewform?usp=pp_url&entry.408155014=https://twitter.com/daonsemanggi&entry.1435088866=26748
",No,Not sure,Not sure
nenehatun1313,"https://docs.google.com/forms/d/e/1FAIpQLScfbDgfkJnYlZ5iZO3CG2gt7xNKYN_geowOE3eLFz15eE8WWg/viewform?usp=pp_url&entry.408155014=https://twitter.com/Nenehatun1313&entry.1435088866=26748
",No,Yes,No
feryatgkdgn,"https://docs.google.com/forms/d/e/1FAIpQLScfbDgfkJnYlZ5iZO3CG2gt7xNKYN_geowOE3eLFz15eE8WWg/viewform?usp=pp_url&entry.408155014=https://twitter.com/FeryatGkdgn&entry.1435088866=26748
",No,No,Yes
_ceyyy__,"https://docs.google.com/forms/d/e/1FAIpQLScfbDgfkJnYlZ5iZO3CG2gt7xNKYN_geowOE3eLFz15eE8WWg/viewform?usp=pp_url&entry.408155014=https://twitter.com/_ceyyy__&entry.1435088866=26748
",No,Not sure,Not sure
zmbasak,"https://docs.google.com/forms/d/e/1FAIpQLScfbDgfkJnYlZ5iZO3CG2gt7xNKYN_geowOE3eLFz15eE8WWg/viewform?usp=pp_url&entry.408155014=https://twitter.com/zmbasak&entry.1435088866=26748
",No,Yes,No
istmedya_as,"https://docs.google.com/forms/d/e/1FAIpQLScfbDgfkJnYlZ5iZO3CG2gt7xNKYN_geowOE3eLFz15eE8WWg/viewform?usp=pp_url&entry.408155014=https://twitter.com/istmedya_as&entry.1435088866=26748
",Yes,No,No
dilfjmyeon,"https://docs.google.com/forms/d/e/1FAIpQLScfbDgfkJnYlZ5iZO3CG2gt7xNKYN_geowOE3eLFz15eE8WWg/viewform?usp=pp_url&entry.408155014=https://twitter.com/dilfjmyeon&entry.1435088866=26748
",No,No,No
eunh3i,"https://docs.google.com/forms/d/e/1FAIpQLScfbDgfkJnYlZ5iZO3CG2gt7xNKYN_geowOE3eLFz15eE8WWg/viewform?usp=pp_url&entry.408155014=https://twitter.com/eunh3i&entry.1435088866=26748
",No,No,No
gupse2023,"https://docs.google.com/forms/d/e/1FAIpQLScfbDgfkJnYlZ5iZO3CG2gt7xNKYN_geowOE3eLFz15eE8WWg/viewform?usp=pp_url&entry.408155014=https://twitter.com/gupse2023&entry.1435088866=26748
",No,Yes,Yes
sahinsah4612,"https://docs.google.com/forms/d/e/1FAIpQLScfbDgfkJnYlZ5iZO3CG2gt7xNKYN_geowOE3eLFz15eE8WWg/viewform?usp=pp_url&entry.408155014=https://twitter.com/sahinsah4612&entry.1435088866=26748
",No,No,Yes
deryaoezcan1,"https://docs.google.com/forms/d/e/1FAIpQLScfbDgfkJnYlZ5iZO3CG2gt7xNKYN_geowOE3eLFz15eE8WWg/viewform?usp=pp_url&entry.408155014=https://twitter.com/deryaoezcan1&entry.1435088866=26748
",No,No,No
fotrose14,"https://docs.google.com/forms/d/e/1FAIpQLScfbDgfkJnYlZ5iZO3CG2gt7xNKYN_geowOE3eLFz15eE8WWg/viewform?usp=pp_url&entry.408155014=https://twitter.com/fotrose14&entry.1435088866=26748
",No,No,Yes
tucitucituc,"https://docs.google.com/forms/d/e/1FAIpQLScfbDgfkJnYlZ5iZO3CG2gt7xNKYN_geowOE3eLFz15eE8WWg/viewform?usp=pp_url&entry.408155014=https://twitter.com/tucitucituc&entry.1435088866=26748
",No,Not sure,Not sure
okulonceciseda,"https://docs.google.com/forms/d/e/1FAIpQLScfbDgfkJnYlZ5iZO3CG2gt7xNKYN_geowOE3eLFz15eE8WWg/viewform?usp=pp_url&entry.408155014=https://twitter.com/okulonceciseda&entry.1435088866=26748
",No,Not sure,Not sure
sivilsayfalar,"https://docs.google.com/forms/d/e/1FAIpQLScfbDgfkJnYlZ5iZO3CG2gt7xNKYN_geowOE3eLFz15eE8WWg/viewform?usp=pp_url&entry.408155014=https://twitter.com/sivilsayfalar&entry.1435088866=26748
",Yes,No,No
halil_taskran,"https://docs.google.com/forms/d/e/1FAIpQLScfbDgfkJnYlZ5iZO3CG2gt7xNKYN_geowOE3eLFz15eE8WWg/viewform?usp=pp_url&entry.408155014=https://twitter.com/halil_taskran&entry.1435088866=26748
",No,No,No
hasantomasoglu,"https://docs.google.com/forms/d/e/1FAIpQLScfbDgfkJnYlZ5iZO3CG2gt7xNKYN_geowOE3eLFz15eE8WWg/viewform?usp=pp_url&entry.408155014=https://twitter.com/HasanTomasoglu&entry.1435088866=26748
",No,Yes,Yes
kemalspecial,"https://docs.google.com/forms/d/e/1FAIpQLScfbDgfkJnYlZ5iZO3CG2gt7xNKYN_geowOE3eLFz15eE8WWg/viewform?usp=pp_url&entry.408155014=https://twitter.com/kemalspecial&entry.1435088866=26748
",No,Yes,Yes
forextradingya,"https://docs.google.com/forms/d/e/1FAIpQLScfbDgfkJnYlZ5iZO3CG2gt7xNKYN_geowOE3eLFz15eE8WWg/viewform?usp=pp_url&entry.408155014=https://twitter.com/forextradingYA&entry.1435088866=26748
",No,Yes,No
celikfikrii,"https://docs.google.com/forms/d/e/1FAIpQLScfbDgfkJnYlZ5iZO3CG2gt7xNKYN_geowOE3eLFz15eE8WWg/viewform?usp=pp_url&entry.408155014=https://twitter.com/Celikfikrii&entry.1435088866=26748
",No,No,Yes
yzcelly,"https://docs.google.com/forms/d/e/1FAIpQLScfbDgfkJnYlZ5iZO3CG2gt7xNKYN_geowOE3eLFz15eE8WWg/viewform?usp=pp_url&entry.408155014=https://twitter.com/yzcelly&entry.1435088866=26748
",No,No,No
kayra66415253,"https://docs.google.com/forms/d/e/1FAIpQLScfbDgfkJnYlZ5iZO3CG2gt7xNKYN_geowOE3eLFz15eE8WWg/viewform?usp=pp_url&entry.408155014=https://twitter.com/Kayra66415253&entry.1435088866=26748
",No,Yes,No
melisinrengi,"https://docs.google.com/forms/d/e/1FAIpQLScfbDgfkJnYlZ5iZO3CG2gt7xNKYN_geowOE3eLFz15eE8WWg/viewform?usp=pp_url&entry.408155014=https://twitter.com/melisinrengi&entry.1435088866=26748
",No,Yes,No
melek_nur0,"https://docs.google.com/forms/d/e/1FAIpQLScfbDgfkJnYlZ5iZO3CG2gt7xNKYN_geowOE3eLFz15eE8WWg/viewform?usp=pp_url&entry.408155014=https://twitter.com/melek_nur0&entry.1435088866=26748
",No,No,No
bozkurt75198737,"https://docs.google.com/forms/d/e/1FAIpQLScfbDgfkJnYlZ5iZO3CG2gt7xNKYN_geowOE3eLFz15eE8WWg/viewform?usp=pp_url&entry.408155014=https://twitter.com/Bozkurt75198737&entry.1435088866=26748
",No,Yes,Yes
itsnurk,"https://docs.google.com/forms/d/e/1FAIpQLScfbDgfkJnYlZ5iZO3CG2gt7xNKYN_geowOE3eLFz15eE8WWg/viewform?usp=pp_url&entry.408155014=https://twitter.com/itsnurk&entry.1435088866=26748
",No,No,No
deportesreports,"https://docs.google.com/forms/d/e/1FAIpQLScfbDgfkJnYlZ5iZO3CG2gt7xNKYN_geowOE3eLFz15eE8WWg/viewform?usp=pp_url&entry.408155014=https://twitter.com/DeportesReports&entry.1435088866=26748
",Yes,Yes,No
chanssofa,"https://docs.google.com/forms/d/e/1FAIpQLScfbDgfkJnYlZ5iZO3CG2gt7xNKYN_geowOE3eLFz15eE8WWg/viewform?usp=pp_url&entry.408155014=https://twitter.com/chanssofa&entry.1435088866=26748
",No,No,No
muhammedy5560,"https://docs.google.com/forms/d/e/1FAIpQLScfbDgfkJnYlZ5iZO3CG2gt7xNKYN_geowOE3eLFz15eE8WWg/viewform?usp=pp_url&entry.408155014=https://twitter.com/Muhammedy5560&entry.1435088866=26748
",No,Yes,Yes
birazanon,"https://docs.google.com/forms/d/e/1FAIpQLScfbDgfkJnYlZ5iZO3CG2gt7xNKYN_geowOE3eLFz15eE8WWg/viewform?usp=pp_url&entry.408155014=https://twitter.com/birazanon&entry.1435088866=26748
",No,No,No
rockerskz,"https://docs.google.com/forms/d/e/1FAIpQLScfbDgfkJnYlZ5iZO3CG2gt7xNKYN_geowOE3eLFz15eE8WWg/viewform?usp=pp_url&entry.408155014=https://twitter.com/rockerskz&entry.1435088866=26748
",No,Yes,No
jnkrubyjs,"https://docs.google.com/forms/d/e/1FAIpQLScfbDgfkJnYlZ5iZO3CG2gt7xNKYN_geowOE3eLFz15eE8WWg/viewform?usp=pp_url&entry.408155014=https://twitter.com/jnkrubyjs&entry.1435088866=26748
",No,Yes,No
poyrazturq,"https://docs.google.com/forms/d/e/1FAIpQLScfbDgfkJnYlZ5iZO3CG2gt7xNKYN_geowOE3eLFz15eE8WWg/viewform?usp=pp_url&entry.408155014=https://twitter.com/poyrazturq&entry.1435088866=26748
",No,No,Yes
alioztoprak06,"https://docs.google.com/forms/d/e/1FAIpQLScfbDgfkJnYlZ5iZO3CG2gt7xNKYN_geowOE3eLFz15eE8WWg/viewform?usp=pp_url&entry.408155014=https://twitter.com/Alioztoprak06&entry.1435088866=26748
",No,No,Yes
adnantoprak46,"https://docs.google.com/forms/d/e/1FAIpQLScfbDgfkJnYlZ5iZO3CG2gt7xNKYN_geowOE3eLFz15eE8WWg/viewform?usp=pp_url&entry.408155014=https://twitter.com/AdnanToprak46&entry.1435088866=26748
",No,No,No
peachbee0,"https://docs.google.com/forms/d/e/1FAIpQLScfbDgfkJnYlZ5iZO3CG2gt7xNKYN_geowOE3eLFz15eE8WWg/viewform?usp=pp_url&entry.408155014=https://twitter.com/peachbee0&entry.1435088866=26748
",No,No,No
mustafaondertv,"https://docs.google.com/forms/d/e/1FAIpQLScfbDgfkJnYlZ5iZO3CG2gt7xNKYN_geowOE3eLFz15eE8WWg/viewform?usp=pp_url&entry.408155014=https://twitter.com/mustafaondertv&entry.1435088866=26748
",No,Yes,No
gokmaviilim,"https://docs.google.com/forms/d/e/1FAIpQLScfbDgfkJnYlZ5iZO3CG2gt7xNKYN_geowOE3eLFz15eE8WWg/viewform?usp=pp_url&entry.408155014=https://twitter.com/GokmaviIlim&entry.1435088866=26748
",No,No,Yes
ozgulsavgar,"https://docs.google.com/forms/d/e/1FAIpQLScfbDgfkJnYlZ5iZO3CG2gt7xNKYN_geowOE3eLFz15eE8WWg/viewform?usp=pp_url&entry.408155014=https://twitter.com/OZGULSAVGAR&entry.1435088866=26748
",No,Yes,No
huseyincakir43,"https://docs.google.com/forms/d/e/1FAIpQLScfbDgfkJnYlZ5iZO3CG2gt7xNKYN_geowOE3eLFz15eE8WWg/viewform?usp=pp_url&entry.408155014=https://twitter.com/huseyincakir43&entry.1435088866=26748
",No,Yes,Yes
mavileena,"https://docs.google.com/forms/d/e/1FAIpQLScfbDgfkJnYlZ5iZO3CG2gt7xNKYN_geowOE3eLFz15eE8WWg/viewform?usp=pp_url&entry.408155014=https://twitter.com/mavileena&entry.1435088866=26748
",No,No,No
yalaaaaannnnn,"https://docs.google.com/forms/d/e/1FAIpQLScfbDgfkJnYlZ5iZO3CG2gt7xNKYN_geowOE3eLFz15eE8WWg/viewform?usp=pp_url&entry.408155014=https://twitter.com/yalaaaaannnnn&entry.1435088866=26748
",No,Not sure,Not sure
midnightbendis,"https://docs.google.com/forms/d/e/1FAIpQLScfbDgfkJnYlZ5iZO3CG2gt7xNKYN_geowOE3eLFz15eE8WWg/viewform?usp=pp_url&entry.408155014=https://twitter.com/midnightBendis&entry.1435088866=26748
",No,No,No
doktoramaaktor,"https://docs.google.com/forms/d/e/1FAIpQLScfbDgfkJnYlZ5iZO3CG2gt7xNKYN_geowOE3eLFz15eE8WWg/viewform?usp=pp_url&entry.408155014=https://twitter.com/DoktorAmaAktor&entry.1435088866=26748
",No,No,No
altu89560807,"https://docs.google.com/forms/d/e/1FAIpQLScfbDgfkJnYlZ5iZO3CG2gt7xNKYN_geowOE3eLFz15eE8WWg/viewform?usp=pp_url&entry.408155014=https://twitter.com/Altu89560807&entry.1435088866=26748
",No,Yes,No
gsbgenclikspor,"https://docs.google.com/forms/d/e/1FAIpQLScfbDgfkJnYlZ5iZO3CG2gt7xNKYN_geowOE3eLFz15eE8WWg/viewform?usp=pp_url&entry.408155014=https://twitter.com/GSBgenclikspor&entry.1435088866=26748
",No,Not sure,Not sure
fatos17425358,"https://docs.google.com/forms/d/e/1FAIpQLScfbDgfkJnYlZ5iZO3CG2gt7xNKYN_geowOE3eLFz15eE8WWg/viewform?usp=pp_url&entry.408155014=https://twitter.com/Fatos17425358&entry.1435088866=26748
",No,Yes,No
muratblms1221,"https://docs.google.com/forms/d/e/1FAIpQLScfbDgfkJnYlZ5iZO3CG2gt7xNKYN_geowOE3eLFz15eE8WWg/viewform?usp=pp_url&entry.408155014=https://twitter.com/muratblms1221&entry.1435088866=26748
",No,Not sure,No
bberylyum,"https://docs.google.com/forms/d/e/1FAIpQLScfbDgfkJnYlZ5iZO3CG2gt7xNKYN_geowOE3eLFz15eE8WWg/viewform?usp=pp_url&entry.408155014=https://twitter.com/bberylyum&entry.1435088866=26748
",No,No,No
grligurel,"https://docs.google.com/forms/d/e/1FAIpQLScfbDgfkJnYlZ5iZO3CG2gt7xNKYN_geowOE3eLFz15eE8WWg/viewform?usp=pp_url&entry.408155014=https://twitter.com/GrliGurel&entry.1435088866=26748
",No,No,No
meryem_mrymmm,"https://docs.google.com/forms/d/e/1FAIpQLScfbDgfkJnYlZ5iZO3CG2gt7xNKYN_geowOE3eLFz15eE8WWg/viewform?usp=pp_url&entry.408155014=https://twitter.com/Meryem_mrymmm&entry.1435088866=26748
",No,No,No
ercan_sabanci,"https://docs.google.com/forms/d/e/1FAIpQLScfbDgfkJnYlZ5iZO3CG2gt7xNKYN_geowOE3eLFz15eE8WWg/viewform?usp=pp_url&entry.408155014=https://twitter.com/ercan_sabanci&entry.1435088866=26748
",No,No,Yes
sedattomak4,"https://docs.google.com/forms/d/e/1FAIpQLScfbDgfkJnYlZ5iZO3CG2gt7xNKYN_geowOE3eLFz15eE8WWg/viewform?usp=pp_url&entry.408155014=https://twitter.com/SedatTomak4&entry.1435088866=26748
",No,Yes,No
onurduruu,"https://docs.google.com/forms/d/e/1FAIpQLScfbDgfkJnYlZ5iZO3CG2gt7xNKYN_geowOE3eLFz15eE8WWg/viewform?usp=pp_url&entry.408155014=https://twitter.com/Onurduruu&entry.1435088866=26748
",No,No,No
reyhan183,"https://docs.google.com/forms/d/e/1FAIpQLScfbDgfkJnYlZ5iZO3CG2gt7xNKYN_geowOE3eLFz15eE8WWg/viewform?usp=pp_url&entry.408155014=https://twitter.com/Reyhan183&entry.1435088866=26748
",No,Yes,Yes
aliazebayramov,"https://docs.google.com/forms/d/e/1FAIpQLScfbDgfkJnYlZ5iZO3CG2gt7xNKYN_geowOE3eLFz15eE8WWg/viewform?usp=pp_url&entry.408155014=https://twitter.com/aliazebayramov&entry.1435088866=26748
",No,Not sure,Not sure
gfb_holigan1907,"https://docs.google.com/forms/d/e/1FAIpQLScfbDgfkJnYlZ5iZO3CG2gt7xNKYN_geowOE3eLFz15eE8WWg/viewform?usp=pp_url&entry.408155014=https://twitter.com/GFB_Holigan1907&entry.1435088866=26748
",No,No,No
cihatugurel,"https://docs.google.com/forms/d/e/1FAIpQLScfbDgfkJnYlZ5iZO3CG2gt7xNKYN_geowOE3eLFz15eE8WWg/viewform?usp=pp_url&entry.408155014=https://twitter.com/cihatugurel&entry.1435088866=26748
",No,No,Yes
ayceis,"https://docs.google.com/forms/d/e/1FAIpQLScfbDgfkJnYlZ5iZO3CG2gt7xNKYN_geowOE3eLFz15eE8WWg/viewform?usp=pp_url&entry.408155014=https://twitter.com/ayceis&entry.1435088866=26748
",No,No,Yes
gfbdilekkaya,"https://docs.google.com/forms/d/e/1FAIpQLScfbDgfkJnYlZ5iZO3CG2gt7xNKYN_geowOE3eLFz15eE8WWg/viewform?usp=pp_url&entry.408155014=https://twitter.com/gfbdilekkaya&entry.1435088866=26748
",No,No,No
attnur_112,"https://docs.google.com/forms/d/e/1FAIpQLScfbDgfkJnYlZ5iZO3CG2gt7xNKYN_geowOE3eLFz15eE8WWg/viewform?usp=pp_url&entry.408155014=https://twitter.com/AttNur_112&entry.1435088866=26748
",No,Yes,No
akgncbattalgazi,"https://docs.google.com/forms/d/e/1FAIpQLScfbDgfkJnYlZ5iZO3CG2gt7xNKYN_geowOE3eLFz15eE8WWg/viewform?usp=pp_url&entry.408155014=https://twitter.com/akgncbattalgazi&entry.1435088866=26748
",Yes,Yes,No
myghost8,"https://docs.google.com/forms/d/e/1FAIpQLScfbDgfkJnYlZ5iZO3CG2gt7xNKYN_geowOE3eLFz15eE8WWg/viewform?usp=pp_url&entry.408155014=https://twitter.com/myGhoSt8&entry.1435088866=26748
",No,No,Yes
ben_bitmisim1,"https://docs.google.com/forms/d/e/1FAIpQLScfbDgfkJnYlZ5iZO3CG2gt7xNKYN_geowOE3eLFz15eE8WWg/viewform?usp=pp_url&entry.408155014=https://twitter.com/ben_bitmisim1&entry.1435088866=26748
",No,Not sure,Not sure
herkesicinchp,"https://docs.google.com/forms/d/e/1FAIpQLScfbDgfkJnYlZ5iZO3CG2gt7xNKYN_geowOE3eLFz15eE8WWg/viewform?usp=pp_url&entry.408155014=https://twitter.com/herkesicinCHP&entry.1435088866=26748
",Yes,No,No
alonsaberit,"https://docs.google.com/forms/d/e/1FAIpQLScfbDgfkJnYlZ5iZO3CG2gt7xNKYN_geowOE3eLFz15eE8WWg/viewform?usp=pp_url&entry.408155014=https://twitter.com/AlonsaBerit&entry.1435088866=26748
",No,No,Yes
luna__noel,"https://docs.google.com/forms/d/e/1FAIpQLScfbDgfkJnYlZ5iZO3CG2gt7xNKYN_geowOE3eLFz15eE8WWg/viewform?usp=pp_url&entry.408155014=https://twitter.com/Luna__noel&entry.1435088866=26748
",No,Yes,No
btmegm,"https://docs.google.com/forms/d/e/1FAIpQLScfbDgfkJnYlZ5iZO3CG2gt7xNKYN_geowOE3eLFz15eE8WWg/viewform?usp=pp_url&entry.408155014=https://twitter.com/btmegm&entry.1435088866=26748
",No,Not sure,Not sure
ziya1467,"https://docs.google.com/forms/d/e/1FAIpQLScfbDgfkJnYlZ5iZO3CG2gt7xNKYN_geowOE3eLFz15eE8WWg/viewform?usp=pp_url&entry.408155014=https://twitter.com/ziya1467&entry.1435088866=26748
",No,No,No
benimzeina,"https://docs.google.com/forms/d/e/1FAIpQLScfbDgfkJnYlZ5iZO3CG2gt7xNKYN_geowOE3eLFz15eE8WWg/viewform?usp=pp_url&entry.408155014=https://twitter.com/Benimzeina&entry.1435088866=26748
",No,Yes,Not sure
aykut190720,"https://docs.google.com/forms/d/e/1FAIpQLScfbDgfkJnYlZ5iZO3CG2gt7xNKYN_geowOE3eLFz15eE8WWg/viewform?usp=pp_url&entry.408155014=https://twitter.com/Aykut190720&entry.1435088866=26748
",No,No,No
battalsahin8,"https://docs.google.com/forms/d/e/1FAIpQLScfbDgfkJnYlZ5iZO3CG2gt7xNKYN_geowOE3eLFz15eE8WWg/viewform?usp=pp_url&entry.408155014=https://twitter.com/BattalSahin8&entry.1435088866=26748
",No,No,Yes
huzuraraya,"https://docs.google.com/forms/d/e/1FAIpQLScfbDgfkJnYlZ5iZO3CG2gt7xNKYN_geowOE3eLFz15eE8WWg/viewform?usp=pp_url&entry.408155014=https://twitter.com/huzuraraya&entry.1435088866=26748
",No,Yes,Yes
koramzeynep,"https://docs.google.com/forms/d/e/1FAIpQLScfbDgfkJnYlZ5iZO3CG2gt7xNKYN_geowOE3eLFz15eE8WWg/viewform?usp=pp_url&entry.408155014=https://twitter.com/koramzeynep&entry.1435088866=26748
",No,No,No
alihsanuz1,"https://docs.google.com/forms/d/e/1FAIpQLScfbDgfkJnYlZ5iZO3CG2gt7xNKYN_geowOE3eLFz15eE8WWg/viewform?usp=pp_url&entry.408155014=https://twitter.com/AlihsanUZ1&entry.1435088866=26748
",No,Yes,No
gsb_eak,"https://docs.google.com/forms/d/e/1FAIpQLScfbDgfkJnYlZ5iZO3CG2gt7xNKYN_geowOE3eLFz15eE8WWg/viewform?usp=pp_url&entry.408155014=https://twitter.com/gsb_eak&entry.1435088866=26748
",Yes,No,No
nalan_ibo,"https://docs.google.com/forms/d/e/1FAIpQLScfbDgfkJnYlZ5iZO3CG2gt7xNKYN_geowOE3eLFz15eE8WWg/viewform?usp=pp_url&entry.408155014=https://twitter.com/Nalan_ibo&entry.1435088866=26748
",No,Yes,No
shadowoflower,"https://docs.google.com/forms/d/e/1FAIpQLScfbDgfkJnYlZ5iZO3CG2gt7xNKYN_geowOE3eLFz15eE8WWg/viewform?usp=pp_url&entry.408155014=https://twitter.com/shadowoflower&entry.1435088866=26748
",No,No,No
sleisupermann,"https://docs.google.com/forms/d/e/1FAIpQLScfbDgfkJnYlZ5iZO3CG2gt7xNKYN_geowOE3eLFz15eE8WWg/viewform?usp=pp_url&entry.408155014=https://twitter.com/SleiSupermann&entry.1435088866=26748
",No,Not sure,Not sure
velitolu,"https://docs.google.com/forms/d/e/1FAIpQLScfbDgfkJnYlZ5iZO3CG2gt7xNKYN_geowOE3eLFz15eE8WWg/viewform?usp=pp_url&entry.408155014=https://twitter.com/velitolu&entry.1435088866=26748
",No,No,No
ay3613,"https://docs.google.com/forms/d/e/1FAIpQLScfbDgfkJnYlZ5iZO3CG2gt7xNKYN_geowOE3eLFz15eE8WWg/viewform?usp=pp_url&entry.408155014=https://twitter.com/Ay3613&entry.1435088866=26748
",No,No,Yes
aysegulkayrakc,"https://docs.google.com/forms/d/e/1FAIpQLScfbDgfkJnYlZ5iZO3CG2gt7xNKYN_geowOE3eLFz15eE8WWg/viewform?usp=pp_url&entry.408155014=https://twitter.com/AysegulKayrakc&entry.1435088866=26748
",No,Yes,No
ucanmd,"https://docs.google.com/forms/d/e/1FAIpQLScfbDgfkJnYlZ5iZO3CG2gt7xNKYN_geowOE3eLFz15eE8WWg/viewform?usp=pp_url&entry.408155014=https://twitter.com/ucanmd&entry.1435088866=26748
",No,Yes,Yes
pluviofil02,"https://docs.google.com/forms/d/e/1FAIpQLScfbDgfkJnYlZ5iZO3CG2gt7xNKYN_geowOE3eLFz15eE8WWg/viewform?usp=pp_url&entry.408155014=https://twitter.com/pluviofil02&entry.1435088866=26748
",No,Not sure,Not sure
mrc_elf,"https://docs.google.com/forms/d/e/1FAIpQLScfbDgfkJnYlZ5iZO3CG2gt7xNKYN_geowOE3eLFz15eE8WWg/viewform?usp=pp_url&entry.408155014=https://twitter.com/mrc_elf&entry.1435088866=26748
",No,Yes,Yes
erdoganvral,"https://docs.google.com/forms/d/e/1FAIpQLScfbDgfkJnYlZ5iZO3CG2gt7xNKYN_geowOE3eLFz15eE8WWg/viewform?usp=pp_url&entry.408155014=https://twitter.com/erdoganvral&entry.1435088866=26748
",No,No,No
bra65474562,"https://docs.google.com/forms/d/e/1FAIpQLScfbDgfkJnYlZ5iZO3CG2gt7xNKYN_geowOE3eLFz15eE8WWg/viewform?usp=pp_url&entry.408155014=https://twitter.com/Bra65474562&entry.1435088866=26748
",No,Yes,No
amor073232,"https://docs.google.com/forms/d/e/1FAIpQLScfbDgfkJnYlZ5iZO3CG2gt7xNKYN_geowOE3eLFz15eE8WWg/viewform?usp=pp_url&entry.408155014=https://twitter.com/Amor073232&entry.1435088866=26748
",Yes,Yes,No
sagligatama,"https://docs.google.com/forms/d/e/1FAIpQLScfbDgfkJnYlZ5iZO3CG2gt7xNKYN_geowOE3eLFz15eE8WWg/viewform?usp=pp_url&entry.408155014=https://twitter.com/sagligatama&entry.1435088866=26748
",No,Not sure,Not sure
muti_79,"https://docs.google.com/forms/d/e/1FAIpQLScfbDgfkJnYlZ5iZO3CG2gt7xNKYN_geowOE3eLFz15eE8WWg/viewform?usp=pp_url&entry.408155014=https://twitter.com/Muti_79&entry.1435088866=26748
",No,Yes,Yes
filizka4,"https://docs.google.com/forms/d/e/1FAIpQLScfbDgfkJnYlZ5iZO3CG2gt7xNKYN_geowOE3eLFz15eE8WWg/viewform?usp=pp_url&entry.408155014=https://twitter.com/filizka4&entry.1435088866=26748
",No,Not sure,Yes
sydbyrk05,"https://docs.google.com/forms/d/e/1FAIpQLScfbDgfkJnYlZ5iZO3CG2gt7xNKYN_geowOE3eLFz15eE8WWg/viewform?usp=pp_url&entry.408155014=https://twitter.com/sydbyrk05&entry.1435088866=26748
",No,Not sure,Not sure
suaybbin,"https://docs.google.com/forms/d/e/1FAIpQLScfbDgfkJnYlZ5iZO3CG2gt7xNKYN_geowOE3eLFz15eE8WWg/viewform?usp=pp_url&entry.408155014=https://twitter.com/SuaybBin&entry.1435088866=26748
",No,Yes,Yes
azonceolducom,"https://docs.google.com/forms/d/e/1FAIpQLScfbDgfkJnYlZ5iZO3CG2gt7xNKYN_geowOE3eLFz15eE8WWg/viewform?usp=pp_url&entry.408155014=https://twitter.com/azonceolducom&entry.1435088866=26748
",Yes,No,No
serekcihan,"https://docs.google.com/forms/d/e/1FAIpQLScfbDgfkJnYlZ5iZO3CG2gt7xNKYN_geowOE3eLFz15eE8WWg/viewform?usp=pp_url&entry.408155014=https://twitter.com/serekcihan&entry.1435088866=26748
",No,Not sure,Not sure
caewonzr,"https://docs.google.com/forms/d/e/1FAIpQLScfbDgfkJnYlZ5iZO3CG2gt7xNKYN_geowOE3eLFz15eE8WWg/viewform?usp=pp_url&entry.408155014=https://twitter.com/caewonzr&entry.1435088866=26748
",No,Yes,No
asivemavi80,"https://docs.google.com/forms/d/e/1FAIpQLScfbDgfkJnYlZ5iZO3CG2gt7xNKYN_geowOE3eLFz15eE8WWg/viewform?usp=pp_url&entry.408155014=https://twitter.com/AsiveMavi80&entry.1435088866=26748
",No,Yes,No
benralvo,"https://docs.google.com/forms/d/e/1FAIpQLScfbDgfkJnYlZ5iZO3CG2gt7xNKYN_geowOE3eLFz15eE8WWg/viewform?usp=pp_url&entry.408155014=https://twitter.com/benralvo&entry.1435088866=26748
",No,Not sure,Not sure
mervemtlua,"https://docs.google.com/forms/d/e/1FAIpQLScfbDgfkJnYlZ5iZO3CG2gt7xNKYN_geowOE3eLFz15eE8WWg/viewform?usp=pp_url&entry.408155014=https://twitter.com/mervemtlua&entry.1435088866=26748
",No,Yes,Yes
osmanpas4,"https://docs.google.com/forms/d/e/1FAIpQLScfbDgfkJnYlZ5iZO3CG2gt7xNKYN_geowOE3eLFz15eE8WWg/viewform?usp=pp_url&entry.408155014=https://twitter.com/Osmanpas4&entry.1435088866=26748
",No,Yes,No
koyuk4r8nlik,"https://docs.google.com/forms/d/e/1FAIpQLScfbDgfkJnYlZ5iZO3CG2gt7xNKYN_geowOE3eLFz15eE8WWg/viewform?usp=pp_url&entry.408155014=https://twitter.com/Koyuk4r8nlik&entry.1435088866=26748
",No,No,Yes
mevlanaidris,"https://docs.google.com/forms/d/e/1FAIpQLScfbDgfkJnYlZ5iZO3CG2gt7xNKYN_geowOE3eLFz15eE8WWg/viewform?usp=pp_url&entry.408155014=https://twitter.com/Mevlanaidris&entry.1435088866=26748
",No,No,No
coldkitchen,"https://docs.google.com/forms/d/e/1FAIpQLScfbDgfkJnYlZ5iZO3CG2gt7xNKYN_geowOE3eLFz15eE8WWg/viewform?usp=pp_url&entry.408155014=https://twitter.com/ColdKitchen&entry.1435088866=26748
",No,No,Yes
sibilcetinkaya,"https://docs.google.com/forms/d/e/1FAIpQLScfbDgfkJnYlZ5iZO3CG2gt7xNKYN_geowOE3eLFz15eE8WWg/viewform?usp=pp_url&entry.408155014=https://twitter.com/sibilcetinkaya&entry.1435088866=26748
",No,No,No
kadriyeugurlu01,"https://docs.google.com/forms/d/e/1FAIpQLScfbDgfkJnYlZ5iZO3CG2gt7xNKYN_geowOE3eLFz15eE8WWg/viewform?usp=pp_url&entry.408155014=https://twitter.com/kadriyeugurlu01&entry.1435088866=26748
",No,Yes,Yes
bakbipro1,"https://docs.google.com/forms/d/e/1FAIpQLScfbDgfkJnYlZ5iZO3CG2gt7xNKYN_geowOE3eLFz15eE8WWg/viewform?usp=pp_url&entry.408155014=https://twitter.com/BakBiPro1&entry.1435088866=26748
",No,No,Yes
byu_id,"https://docs.google.com/forms/d/e/1FAIpQLScfbDgfkJnYlZ5iZO3CG2gt7xNKYN_geowOE3eLFz15eE8WWg/viewform?usp=pp_url&entry.408155014=https://twitter.com/byu_id&entry.1435088866=26748
",Yes,Not sure,Not sure
taylankumelii,"https://docs.google.com/forms/d/e/1FAIpQLScfbDgfkJnYlZ5iZO3CG2gt7xNKYN_geowOE3eLFz15eE8WWg/viewform?usp=pp_url&entry.408155014=https://twitter.com/taylankumelii&entry.1435088866=26748
",No,No,No
ekdersli15,"https://docs.google.com/forms/d/e/1FAIpQLScfbDgfkJnYlZ5iZO3CG2gt7xNKYN_geowOE3eLFz15eE8WWg/viewform?usp=pp_url&entry.408155014=https://twitter.com/ekdersli15&entry.1435088866=26748
",No,Yes,Yes
anneogrenci,"https://docs.google.com/forms/d/e/1FAIpQLScfbDgfkJnYlZ5iZO3CG2gt7xNKYN_geowOE3eLFz15eE8WWg/viewform?usp=pp_url&entry.408155014=https://twitter.com/AnneOgrenci&entry.1435088866=26748
",No,Yes,Yes
sahin_alp_58,"https://docs.google.com/forms/d/e/1FAIpQLScfbDgfkJnYlZ5iZO3CG2gt7xNKYN_geowOE3eLFz15eE8WWg/viewform?usp=pp_url&entry.408155014=https://twitter.com/Sahin_ALP_58&entry.1435088866=26748
",No,Yes,No
ilhan_yurt,"https://docs.google.com/forms/d/e/1FAIpQLScfbDgfkJnYlZ5iZO3CG2gt7xNKYN_geowOE3eLFz15eE8WWg/viewform?usp=pp_url&entry.408155014=https://twitter.com/ilhan_yurt&entry.1435088866=26748
",No,Yes,Yes
melomyaa,"https://docs.google.com/forms/d/e/1FAIpQLScfbDgfkJnYlZ5iZO3CG2gt7xNKYN_geowOE3eLFz15eE8WWg/viewform?usp=pp_url&entry.408155014=https://twitter.com/melomyaa&entry.1435088866=26748
",No,No,Yes
endiseliyurttas,"https://docs.google.com/forms/d/e/1FAIpQLScfbDgfkJnYlZ5iZO3CG2gt7xNKYN_geowOE3eLFz15eE8WWg/viewform?usp=pp_url&entry.408155014=https://twitter.com/Endiseliyurttas&entry.1435088866=26748
",No,Yes,Yes
arda041fb,"https://docs.google.com/forms/d/e/1FAIpQLScfbDgfkJnYlZ5iZO3CG2gt7xNKYN_geowOE3eLFz15eE8WWg/viewform?usp=pp_url&entry.408155014=https://twitter.com/Arda041fb&entry.1435088866=26748
",No,No,Yes
guinhogatiinho,"https://docs.google.com/forms/d/e/1FAIpQLScfbDgfkJnYlZ5iZO3CG2gt7xNKYN_geowOE3eLFz15eE8WWg/viewform?usp=pp_url&entry.408155014=https://twitter.com/guinhogatiinho&entry.1435088866=26748
",No,Not sure,Not sure
benpacho,"https://docs.google.com/forms/d/e/1FAIpQLScfbDgfkJnYlZ5iZO3CG2gt7xNKYN_geowOE3eLFz15eE8WWg/viewform?usp=pp_url&entry.408155014=https://twitter.com/benpacho&entry.1435088866=26748
",No,No,Yes
mehmeta41362904,"https://docs.google.com/forms/d/e/1FAIpQLScfbDgfkJnYlZ5iZO3CG2gt7xNKYN_geowOE3eLFz15eE8WWg/viewform?usp=pp_url&entry.408155014=https://twitter.com/MehmetA41362904&entry.1435088866=26748
",No,Yes,Yes
hulyakinn,"https://docs.google.com/forms/d/e/1FAIpQLScfbDgfkJnYlZ5iZO3CG2gt7xNKYN_geowOE3eLFz15eE8WWg/viewform?usp=pp_url&entry.408155014=https://twitter.com/Hulyakinn&entry.1435088866=26748
",No,Yes,Yes
findynews,"https://docs.google.com/forms/d/e/1FAIpQLScfbDgfkJnYlZ5iZO3CG2gt7xNKYN_geowOE3eLFz15eE8WWg/viewform?usp=pp_url&entry.408155014=https://twitter.com/FindyNews&entry.1435088866=26748
",Yes,Yes,No
poyrazado,"https://docs.google.com/forms/d/e/1FAIpQLScfbDgfkJnYlZ5iZO3CG2gt7xNKYN_geowOE3eLFz15eE8WWg/viewform?usp=pp_url&entry.408155014=https://twitter.com/poyrazado&entry.1435088866=26748
",No,Yes,Yes
tamerbjk,"https://docs.google.com/forms/d/e/1FAIpQLScfbDgfkJnYlZ5iZO3CG2gt7xNKYN_geowOE3eLFz15eE8WWg/viewform?usp=pp_url&entry.408155014=https://twitter.com/tamerbjk&entry.1435088866=26748
",No,No,Yes
limondilimi,"https://docs.google.com/forms/d/e/1FAIpQLScfbDgfkJnYlZ5iZO3CG2gt7xNKYN_geowOE3eLFz15eE8WWg/viewform?usp=pp_url&entry.408155014=https://twitter.com/Limondilimi&entry.1435088866=26748
",No,No,No
aliaydogan53,"https://docs.google.com/forms/d/e/1FAIpQLScfbDgfkJnYlZ5iZO3CG2gt7xNKYN_geowOE3eLFz15eE8WWg/viewform?usp=pp_url&entry.408155014=https://twitter.com/AliAydogan53&entry.1435088866=26748
",No,Yes,Yes
pembkbrk,"https://docs.google.com/forms/d/e/1FAIpQLScfbDgfkJnYlZ5iZO3CG2gt7xNKYN_geowOE3eLFz15eE8WWg/viewform?usp=pp_url&entry.408155014=https://twitter.com/pembkbrk&entry.1435088866=26748
",No,Not sure,Not sure
dilekkat1,"https://docs.google.com/forms/d/e/1FAIpQLScfbDgfkJnYlZ5iZO3CG2gt7xNKYN_geowOE3eLFz15eE8WWg/viewform?usp=pp_url&entry.408155014=https://twitter.com/Dilekkat1&entry.1435088866=26748
",No,Yes,No
gnaygve65328706,"https://docs.google.com/forms/d/e/1FAIpQLScfbDgfkJnYlZ5iZO3CG2gt7xNKYN_geowOE3eLFz15eE8WWg/viewform?usp=pp_url&entry.408155014=https://twitter.com/GnayGve65328706&entry.1435088866=26748
",No,Yes,Yes
meltem60868575,"https://docs.google.com/forms/d/e/1FAIpQLScfbDgfkJnYlZ5iZO3CG2gt7xNKYN_geowOE3eLFz15eE8WWg/viewform?usp=pp_url&entry.408155014=https://twitter.com/Meltem60868575&entry.1435088866=26748
",No,Yes,Not sure
m_ugurkapan,"https://docs.google.com/forms/d/e/1FAIpQLScfbDgfkJnYlZ5iZO3CG2gt7xNKYN_geowOE3eLFz15eE8WWg/viewform?usp=pp_url&entry.408155014=https://twitter.com/m_ugurkapan&entry.1435088866=26748
",No,Not sure,Not sure
kursatakpinar01,"https://docs.google.com/forms/d/e/1FAIpQLScfbDgfkJnYlZ5iZO3CG2gt7xNKYN_geowOE3eLFz15eE8WWg/viewform?usp=pp_url&entry.408155014=https://twitter.com/KursatAKPINAR01&entry.1435088866=26748
",No,Yes,Not sure
trkyemrte1,"https://docs.google.com/forms/d/e/1FAIpQLScfbDgfkJnYlZ5iZO3CG2gt7xNKYN_geowOE3eLFz15eE8WWg/viewform?usp=pp_url&entry.408155014=https://twitter.com/TRKYEMRTE1&entry.1435088866=26748
",No,Yes,Yes
garipbirnick,"https://docs.google.com/forms/d/e/1FAIpQLScfbDgfkJnYlZ5iZO3CG2gt7xNKYN_geowOE3eLFz15eE8WWg/viewform?usp=pp_url&entry.408155014=https://twitter.com/GaripBirNick&entry.1435088866=26748
",No,No,Yes
evrendincertr,"https://docs.google.com/forms/d/e/1FAIpQLScfbDgfkJnYlZ5iZO3CG2gt7xNKYN_geowOE3eLFz15eE8WWg/viewform?usp=pp_url&entry.408155014=https://twitter.com/evrendincertr&entry.1435088866=26748
",Yes,Not sure,No
evremkocak,"https://docs.google.com/forms/d/e/1FAIpQLScfbDgfkJnYlZ5iZO3CG2gt7xNKYN_geowOE3eLFz15eE8WWg/viewform?usp=pp_url&entry.408155014=https://twitter.com/evremkocak&entry.1435088866=26748
",No,No,No
oykunejla,"https://docs.google.com/forms/d/e/1FAIpQLScfbDgfkJnYlZ5iZO3CG2gt7xNKYN_geowOE3eLFz15eE8WWg/viewform?usp=pp_url&entry.408155014=https://twitter.com/oykunejla&entry.1435088866=26748
",No,No,Yes
yusufck000,"https://docs.google.com/forms/d/e/1FAIpQLScfbDgfkJnYlZ5iZO3CG2gt7xNKYN_geowOE3eLFz15eE8WWg/viewform?usp=pp_url&entry.408155014=https://twitter.com/yusufck000&entry.1435088866=26748
",No,No,Not sure
alonedrummer,"https://docs.google.com/forms/d/e/1FAIpQLScfbDgfkJnYlZ5iZO3CG2gt7xNKYN_geowOE3eLFz15eE8WWg/viewform?usp=pp_url&entry.408155014=https://twitter.com/alonedrummer&entry.1435088866=26748
",No,No,Yes
asli_yabansu,"https://docs.google.com/forms/d/e/1FAIpQLScfbDgfkJnYlZ5iZO3CG2gt7xNKYN_geowOE3eLFz15eE8WWg/viewform?usp=pp_url&entry.408155014=https://twitter.com/asli_yabansu&entry.1435088866=26748
",No,Yes,Not sure
nediosunfatma,"https://docs.google.com/forms/d/e/1FAIpQLScfbDgfkJnYlZ5iZO3CG2gt7xNKYN_geowOE3eLFz15eE8WWg/viewform?usp=pp_url&entry.408155014=https://twitter.com/nediosunfatma&entry.1435088866=26748
",No,No,No
ozk_emrullah,"https://docs.google.com/forms/d/e/1FAIpQLScfbDgfkJnYlZ5iZO3CG2gt7xNKYN_geowOE3eLFz15eE8WWg/viewform?usp=pp_url&entry.408155014=https://twitter.com/ozk_emrullah&entry.1435088866=26748
",No,No,Not sure
asumona_as,"https://docs.google.com/forms/d/e/1FAIpQLScfbDgfkJnYlZ5iZO3CG2gt7xNKYN_geowOE3eLFz15eE8WWg/viewform?usp=pp_url&entry.408155014=https://twitter.com/Asumona_AS&entry.1435088866=26748
",Yes,No,No
beastnix,"https://docs.google.com/forms/d/e/1FAIpQLScfbDgfkJnYlZ5iZO3CG2gt7xNKYN_geowOE3eLFz15eE8WWg/viewform?usp=pp_url&entry.408155014=https://twitter.com/beastnix&entry.1435088866=26748
",No,No,Yes
abdullah_adnr,"https://docs.google.com/forms/d/e/1FAIpQLScfbDgfkJnYlZ5iZO3CG2gt7xNKYN_geowOE3eLFz15eE8WWg/viewform?usp=pp_url&entry.408155014=https://twitter.com/Abdullah_Adnr&entry.1435088866=26748
",No,No,Yes
_yasincim_,"https://docs.google.com/forms/d/e/1FAIpQLScfbDgfkJnYlZ5iZO3CG2gt7xNKYN_geowOE3eLFz15eE8WWg/viewform?usp=pp_url&entry.408155014=https://twitter.com/_yasincim_&entry.1435088866=26748
",No,No,No
boshrey21,"https://docs.google.com/forms/d/e/1FAIpQLScfbDgfkJnYlZ5iZO3CG2gt7xNKYN_geowOE3eLFz15eE8WWg/viewform?usp=pp_url&entry.408155014=https://twitter.com/BoshRey21&entry.1435088866=26748
",No,Yes,No
yoursheheh,"https://docs.google.com/forms/d/e/1FAIpQLScfbDgfkJnYlZ5iZO3CG2gt7xNKYN_geowOE3eLFz15eE8WWg/viewform?usp=pp_url&entry.408155014=https://twitter.com/yoursheheh&entry.1435088866=26748
",Yes,Yes,No
sebogs0,"https://docs.google.com/forms/d/e/1FAIpQLScfbDgfkJnYlZ5iZO3CG2gt7xNKYN_geowOE3eLFz15eE8WWg/viewform?usp=pp_url&entry.408155014=https://twitter.com/sebogs0&entry.1435088866=26748
",No,No,No
rsrsrs97,"https://docs.google.com/forms/d/e/1FAIpQLScfbDgfkJnYlZ5iZO3CG2gt7xNKYN_geowOE3eLFz15eE8WWg/viewform?usp=pp_url&entry.408155014=https://twitter.com/rsrsrs97&entry.1435088866=26748
",No,No,No
tmehmetbayaz,"https://docs.google.com/forms/d/e/1FAIpQLScfbDgfkJnYlZ5iZO3CG2gt7xNKYN_geowOE3eLFz15eE8WWg/viewform?usp=pp_url&entry.408155014=https://twitter.com/TMehmetbayaz&entry.1435088866=26748
",No,No,Yes
eff417d1f2f44b4,"https://docs.google.com/forms/d/e/1FAIpQLScfbDgfkJnYlZ5iZO3CG2gt7xNKYN_geowOE3eLFz15eE8WWg/viewform?usp=pp_url&entry.408155014=https://twitter.com/eff417d1f2f44b4&entry.1435088866=26748
",No,No,Yes
osmanbagcevan,"https://docs.google.com/forms/d/e/1FAIpQLScfbDgfkJnYlZ5iZO3CG2gt7xNKYN_geowOE3eLFz15eE8WWg/viewform?usp=pp_url&entry.408155014=https://twitter.com/OsmanBagcevan&entry.1435088866=26748
",No,No,Not sure
kimsesi92245097,"https://docs.google.com/forms/d/e/1FAIpQLScfbDgfkJnYlZ5iZO3CG2gt7xNKYN_geowOE3eLFz15eE8WWg/viewform?usp=pp_url&entry.408155014=https://twitter.com/Kimsesi92245097&entry.1435088866=26748
",No,Yes,Yes
leyla10908720,"https://docs.google.com/forms/d/e/1FAIpQLScfbDgfkJnYlZ5iZO3CG2gt7xNKYN_geowOE3eLFz15eE8WWg/viewform?usp=pp_url&entry.408155014=https://twitter.com/leyla10908720&entry.1435088866=26748
",No,Not sure,Not sure
hasan19231903,"https://docs.google.com/forms/d/e/1FAIpQLScfbDgfkJnYlZ5iZO3CG2gt7xNKYN_geowOE3eLFz15eE8WWg/viewform?usp=pp_url&entry.408155014=https://twitter.com/Hasan19231903&entry.1435088866=26748
",No,No,Yes
leventsahin111,"https://docs.google.com/forms/d/e/1FAIpQLScfbDgfkJnYlZ5iZO3CG2gt7xNKYN_geowOE3eLFz15eE8WWg/viewform?usp=pp_url&entry.408155014=https://twitter.com/leventsahin111&entry.1435088866=26748
",No,Yes,No
meliiiikesss,"https://docs.google.com/forms/d/e/1FAIpQLScfbDgfkJnYlZ5iZO3CG2gt7xNKYN_geowOE3eLFz15eE8WWg/viewform?usp=pp_url&entry.408155014=https://twitter.com/meliiiikesss&entry.1435088866=26748
",No,No,No
mihri3458,"https://docs.google.com/forms/d/e/1FAIpQLScfbDgfkJnYlZ5iZO3CG2gt7xNKYN_geowOE3eLFz15eE8WWg/viewform?usp=pp_url&entry.408155014=https://twitter.com/Mihri3458&entry.1435088866=26748
",No,No,Yes
wh1stl3mp3,"https://docs.google.com/forms/d/e/1FAIpQLScfbDgfkJnYlZ5iZO3CG2gt7xNKYN_geowOE3eLFz15eE8WWg/viewform?usp=pp_url&entry.408155014=https://twitter.com/WH1STL3MP3&entry.1435088866=26748
",No,No,Yes
mhrmkasitoglu,"https://docs.google.com/forms/d/e/1FAIpQLScfbDgfkJnYlZ5iZO3CG2gt7xNKYN_geowOE3eLFz15eE8WWg/viewform?usp=pp_url&entry.408155014=https://twitter.com/mhrmkasitoglu&entry.1435088866=26748
",No,No,Yes
adler16392917,"https://docs.google.com/forms/d/e/1FAIpQLScfbDgfkJnYlZ5iZO3CG2gt7xNKYN_geowOE3eLFz15eE8WWg/viewform?usp=pp_url&entry.408155014=https://twitter.com/Adler16392917&entry.1435088866=26748
",No,No,Yes
secil_mka,"https://docs.google.com/forms/d/e/1FAIpQLScfbDgfkJnYlZ5iZO3CG2gt7xNKYN_geowOE3eLFz15eE8WWg/viewform?usp=pp_url&entry.408155014=https://twitter.com/Secil_MKA&entry.1435088866=26748
",No,Yes,Yes
chaewonggunn,"https://docs.google.com/forms/d/e/1FAIpQLScfbDgfkJnYlZ5iZO3CG2gt7xNKYN_geowOE3eLFz15eE8WWg/viewform?usp=pp_url&entry.408155014=https://twitter.com/chaewonggunn&entry.1435088866=26748
",No,Yes,No
sevimeces,"https://docs.google.com/forms/d/e/1FAIpQLScfbDgfkJnYlZ5iZO3CG2gt7xNKYN_geowOE3eLFz15eE8WWg/viewform?usp=pp_url&entry.408155014=https://twitter.com/sevimeces&entry.1435088866=26748
",No,Not sure,Yes
lflelclslflslf,"https://docs.google.com/forms/d/e/1FAIpQLScfbDgfkJnYlZ5iZO3CG2gt7xNKYN_geowOE3eLFz15eE8WWg/viewform?usp=pp_url&entry.408155014=https://twitter.com/lflelclslflslf&entry.1435088866=26748
",No,Not sure,Not sure
il_fenomeno_,"https://docs.google.com/forms/d/e/1FAIpQLScfbDgfkJnYlZ5iZO3CG2gt7xNKYN_geowOE3eLFz15eE8WWg/viewform?usp=pp_url&entry.408155014=https://twitter.com/il_fenomeno_&entry.1435088866=26748
",No,No,No
bedrettindemrk1,"https://docs.google.com/forms/d/e/1FAIpQLScfbDgfkJnYlZ5iZO3CG2gt7xNKYN_geowOE3eLFz15eE8WWg/viewform?usp=pp_url&entry.408155014=https://twitter.com/BedrettinDEMRK1&entry.1435088866=26748
",No,Yes,Yes
111mucahit,"https://docs.google.com/forms/d/e/1FAIpQLScfbDgfkJnYlZ5iZO3CG2gt7xNKYN_geowOE3eLFz15eE8WWg/viewform?usp=pp_url&entry.408155014=https://twitter.com/111mucahit&entry.1435088866=26748
",No,Not sure,Yes
hsi66,"https://docs.google.com/forms/d/e/1FAIpQLScfbDgfkJnYlZ5iZO3CG2gt7xNKYN_geowOE3eLFz15eE8WWg/viewform?usp=pp_url&entry.408155014=https://twitter.com/hsi66&entry.1435088866=26748
",No,No,No
gfbsecil1907,"https://docs.google.com/forms/d/e/1FAIpQLScfbDgfkJnYlZ5iZO3CG2gt7xNKYN_geowOE3eLFz15eE8WWg/viewform?usp=pp_url&entry.408155014=https://twitter.com/gfbsecil1907&entry.1435088866=26748
",No,Yes,No
matsumo45735308,"https://docs.google.com/forms/d/e/1FAIpQLScfbDgfkJnYlZ5iZO3CG2gt7xNKYN_geowOE3eLFz15eE8WWg/viewform?usp=pp_url&entry.408155014=https://twitter.com/Matsumo45735308&entry.1435088866=26748
",No,No,Yes
yakarsaadet,"https://docs.google.com/forms/d/e/1FAIpQLScfbDgfkJnYlZ5iZO3CG2gt7xNKYN_geowOE3eLFz15eE8WWg/viewform?usp=pp_url&entry.408155014=https://twitter.com/YakarSaadet&entry.1435088866=26748
",No,Yes,Yes
saglikcisin,"https://docs.google.com/forms/d/e/1FAIpQLScfbDgfkJnYlZ5iZO3CG2gt7xNKYN_geowOE3eLFz15eE8WWg/viewform?usp=pp_url&entry.408155014=https://twitter.com/saglikcisin&entry.1435088866=26748
",No,No,No
saliha98837469,"https://docs.google.com/forms/d/e/1FAIpQLScfbDgfkJnYlZ5iZO3CG2gt7xNKYN_geowOE3eLFz15eE8WWg/viewform?usp=pp_url&entry.408155014=https://twitter.com/Saliha98837469&entry.1435088866=26748
",No,No,Yes
aceediia,"https://docs.google.com/forms/d/e/1FAIpQLScfbDgfkJnYlZ5iZO3CG2gt7xNKYN_geowOE3eLFz15eE8WWg/viewform?usp=pp_url&entry.408155014=https://twitter.com/aceediia&entry.1435088866=26748
",No,No,No
asudee_a,"https://docs.google.com/forms/d/e/1FAIpQLScfbDgfkJnYlZ5iZO3CG2gt7xNKYN_geowOE3eLFz15eE8WWg/viewform?usp=pp_url&entry.408155014=https://twitter.com/asudee_a&entry.1435088866=26748
",No,No,No
mehmetz06069832,"https://docs.google.com/forms/d/e/1FAIpQLScfbDgfkJnYlZ5iZO3CG2gt7xNKYN_geowOE3eLFz15eE8WWg/viewform?usp=pp_url&entry.408155014=https://twitter.com/Mehmetz06069832&entry.1435088866=26748
",No,No,Yes
zfr58,"https://docs.google.com/forms/d/e/1FAIpQLScfbDgfkJnYlZ5iZO3CG2gt7xNKYN_geowOE3eLFz15eE8WWg/viewform?usp=pp_url&entry.408155014=https://twitter.com/zfr58&entry.1435088866=26748
",No,No,Yes
phoebe_z_,"https://docs.google.com/forms/d/e/1FAIpQLScfbDgfkJnYlZ5iZO3CG2gt7xNKYN_geowOE3eLFz15eE8WWg/viewform?usp=pp_url&entry.408155014=https://twitter.com/Phoebe_Z_&entry.1435088866=26748
",No,Yes,Yes
uffsuusbi,"https://docs.google.com/forms/d/e/1FAIpQLScfbDgfkJnYlZ5iZO3CG2gt7xNKYN_geowOE3eLFz15eE8WWg/viewform?usp=pp_url&entry.408155014=https://twitter.com/uffsuusbi&entry.1435088866=26748
",No,No,No
siyahiabeyaz,"https://docs.google.com/forms/d/e/1FAIpQLScfbDgfkJnYlZ5iZO3CG2gt7xNKYN_geowOE3eLFz15eE8WWg/viewform?usp=pp_url&entry.408155014=https://twitter.com/siyahIabeyaz&entry.1435088866=26748
",No,No,No
sevalogrtmn,"https://docs.google.com/forms/d/e/1FAIpQLScfbDgfkJnYlZ5iZO3CG2gt7xNKYN_geowOE3eLFz15eE8WWg/viewform?usp=pp_url&entry.408155014=https://twitter.com/sevalogrtmn&entry.1435088866=26748
",No,Yes,Yes
kuzubudu,"https://docs.google.com/forms/d/e/1FAIpQLScfbDgfkJnYlZ5iZO3CG2gt7xNKYN_geowOE3eLFz15eE8WWg/viewform?usp=pp_url&entry.408155014=https://twitter.com/Kuzubudu&entry.1435088866=26748
",Yes,No,No
yasin57859373,"https://docs.google.com/forms/d/e/1FAIpQLScfbDgfkJnYlZ5iZO3CG2gt7xNKYN_geowOE3eLFz15eE8WWg/viewform?usp=pp_url&entry.408155014=https://twitter.com/yasin57859373&entry.1435088866=26748
",No,No,No
ema3673,"https://docs.google.com/forms/d/e/1FAIpQLScfbDgfkJnYlZ5iZO3CG2gt7xNKYN_geowOE3eLFz15eE8WWg/viewform?usp=pp_url&entry.408155014=https://twitter.com/EMA3673&entry.1435088866=26748
",No,Yes,Yes
flerkeun,"https://docs.google.com/forms/d/e/1FAIpQLScfbDgfkJnYlZ5iZO3CG2gt7xNKYN_geowOE3eLFz15eE8WWg/viewform?usp=pp_url&entry.408155014=https://twitter.com/flerkeun&entry.1435088866=26748
",No,Not sure,Not sure
burcuturkeer,"https://docs.google.com/forms/d/e/1FAIpQLScfbDgfkJnYlZ5iZO3CG2gt7xNKYN_geowOE3eLFz15eE8WWg/viewform?usp=pp_url&entry.408155014=https://twitter.com/burcuturkeer&entry.1435088866=26748
",No,No,No
alpaslanengin4,"https://docs.google.com/forms/d/e/1FAIpQLScfbDgfkJnYlZ5iZO3CG2gt7xNKYN_geowOE3eLFz15eE8WWg/viewform?usp=pp_url&entry.408155014=https://twitter.com/AlpaslanEngin4&entry.1435088866=26748
",No,Yes,Yes
mmm3mahoni,"https://docs.google.com/forms/d/e/1FAIpQLScfbDgfkJnYlZ5iZO3CG2gt7xNKYN_geowOE3eLFz15eE8WWg/viewform?usp=pp_url&entry.408155014=https://twitter.com/MMM3Mahoni&entry.1435088866=26748
",No,No,No
opekgurler,"https://docs.google.com/forms/d/e/1FAIpQLScfbDgfkJnYlZ5iZO3CG2gt7xNKYN_geowOE3eLFz15eE8WWg/viewform?usp=pp_url&entry.408155014=https://twitter.com/OPekgurler&entry.1435088866=26748
",No,No,Yes
braakta83585921,"https://docs.google.com/forms/d/e/1FAIpQLScfbDgfkJnYlZ5iZO3CG2gt7xNKYN_geowOE3eLFz15eE8WWg/viewform?usp=pp_url&entry.408155014=https://twitter.com/BraAkta83585921&entry.1435088866=26748
",No,Yes,Yes
ozguntoprak,"https://docs.google.com/forms/d/e/1FAIpQLScfbDgfkJnYlZ5iZO3CG2gt7xNKYN_geowOE3eLFz15eE8WWg/viewform?usp=pp_url&entry.408155014=https://twitter.com/OzgunToprak&entry.1435088866=26748
",No,No,No
selim55003133,"https://docs.google.com/forms/d/e/1FAIpQLScfbDgfkJnYlZ5iZO3CG2gt7xNKYN_geowOE3eLFz15eE8WWg/viewform?usp=pp_url&entry.408155014=https://twitter.com/Selim55003133&entry.1435088866=26748
",No,Yes,No
gnl83179934,"https://docs.google.com/forms/d/e/1FAIpQLScfbDgfkJnYlZ5iZO3CG2gt7xNKYN_geowOE3eLFz15eE8WWg/viewform?usp=pp_url&entry.408155014=https://twitter.com/gnl83179934&entry.1435088866=26748
",No,Yes,Yes
osmanlitorunu21,"https://docs.google.com/forms/d/e/1FAIpQLScfbDgfkJnYlZ5iZO3CG2gt7xNKYN_geowOE3eLFz15eE8WWg/viewform?usp=pp_url&entry.408155014=https://twitter.com/osmanlitorunu21&entry.1435088866=26748
",No,No,Yes
ismailsonmez34,"https://docs.google.com/forms/d/e/1FAIpQLScfbDgfkJnYlZ5iZO3CG2gt7xNKYN_geowOE3eLFz15eE8WWg/viewform?usp=pp_url&entry.408155014=https://twitter.com/ismailsonmez34&entry.1435088866=26748
",No,No,No
ezhel0,"https://docs.google.com/forms/d/e/1FAIpQLScfbDgfkJnYlZ5iZO3CG2gt7xNKYN_geowOE3eLFz15eE8WWg/viewform?usp=pp_url&entry.408155014=https://twitter.com/EZHEL0&entry.1435088866=26748
",No,Yes,No
sabirsiztr,"https://docs.google.com/forms/d/e/1FAIpQLScfbDgfkJnYlZ5iZO3CG2gt7xNKYN_geowOE3eLFz15eE8WWg/viewform?usp=pp_url&entry.408155014=https://twitter.com/SABIRSIZTR&entry.1435088866=26748
",No,No,No
onurgrsoy,"https://docs.google.com/forms/d/e/1FAIpQLScfbDgfkJnYlZ5iZO3CG2gt7xNKYN_geowOE3eLFz15eE8WWg/viewform?usp=pp_url&entry.408155014=https://twitter.com/Onurgrsoy&entry.1435088866=26748
",No,No,No
asikullo,"https://docs.google.com/forms/d/e/1FAIpQLScfbDgfkJnYlZ5iZO3CG2gt7xNKYN_geowOE3eLFz15eE8WWg/viewform?usp=pp_url&entry.408155014=https://twitter.com/AsikullO&entry.1435088866=26748
",No,No,Yes
