,url,sentiment,isExperiential,isPolitical,isInsult
1427969242289344515,"https://docs.google.com/forms/d/e/1FAIpQLSctrQxVga0kNDvLDbkss6vDwHr57V5awrMID3_4yjJdX3VFXg/viewform?usp=pp_url&entry.1442528882=https://twitter.com/EverlingMarta/status/1427969242289344515&entry.80025796=26748
",Positive,Yes,No,No
1379103391561973776,"https://docs.google.com/forms/d/e/1FAIpQLSctrQxVga0kNDvLDbkss6vDwHr57V5awrMID3_4yjJdX3VFXg/viewform?usp=pp_url&entry.1442528882=https://twitter.com/San4rtts/status/1379103391561973776&entry.80025796=26748
",Neutral,No,No,No
1398858633430016000,"https://docs.google.com/forms/d/e/1FAIpQLSctrQxVga0kNDvLDbkss6vDwHr57V5awrMID3_4yjJdX3VFXg/viewform?usp=pp_url&entry.1442528882=https://twitter.com/sweetkayi/status/1398858633430016000&entry.80025796=26748
",Positive,No,No,No
1373296690120261633,"https://docs.google.com/forms/d/e/1FAIpQLSctrQxVga0kNDvLDbkss6vDwHr57V5awrMID3_4yjJdX3VFXg/viewform?usp=pp_url&entry.1442528882=https://twitter.com/Damlade33111869/status/1373296690120261633&entry.80025796=26748
",Negative,No,Yes,Yes
1359234185819541505,"https://docs.google.com/forms/d/e/1FAIpQLSctrQxVga0kNDvLDbkss6vDwHr57V5awrMID3_4yjJdX3VFXg/viewform?usp=pp_url&entry.1442528882=https://twitter.com/PDRruhsagligiz/status/1359234185819541505&entry.80025796=26748
",Positive,Yes,No,No
1384453992168701952,"https://docs.google.com/forms/d/e/1FAIpQLSctrQxVga0kNDvLDbkss6vDwHr57V5awrMID3_4yjJdX3VFXg/viewform?usp=pp_url&entry.1442528882=https://twitter.com/SkyFall1614/status/1384453992168701952&entry.80025796=26748
",Neutral,No,No,No
1451293740396593154,"https://docs.google.com/forms/d/e/1FAIpQLSctrQxVga0kNDvLDbkss6vDwHr57V5awrMID3_4yjJdX3VFXg/viewform?usp=pp_url&entry.1442528882=https://twitter.com/PompeiCeyhun/status/1451293740396593154&entry.80025796=26748
",Neutral,No,No,No
1354233163648819202,"https://docs.google.com/forms/d/e/1FAIpQLSctrQxVga0kNDvLDbkss6vDwHr57V5awrMID3_4yjJdX3VFXg/viewform?usp=pp_url&entry.1442528882=https://twitter.com/BuseKran14/status/1354233163648819202&entry.80025796=26748
",Positive,Yes,No,No
1468701087469387781,"https://docs.google.com/forms/d/e/1FAIpQLSctrQxVga0kNDvLDbkss6vDwHr57V5awrMID3_4yjJdX3VFXg/viewform?usp=pp_url&entry.1442528882=https://twitter.com/trhawarnews/status/1468701087469387781&entry.80025796=26748
",Neutral,No,Yes,No
1435612604278398979,"https://docs.google.com/forms/d/e/1FAIpQLSctrQxVga0kNDvLDbkss6vDwHr57V5awrMID3_4yjJdX3VFXg/viewform?usp=pp_url&entry.1442528882=https://twitter.com/45gfb1907/status/1435612604278398979&entry.80025796=26748
",Neutral,Yes,No,No
1357210340619137024,"https://docs.google.com/forms/d/e/1FAIpQLSctrQxVga0kNDvLDbkss6vDwHr57V5awrMID3_4yjJdX3VFXg/viewform?usp=pp_url&entry.1442528882=https://twitter.com/AlicanMnkl2/status/1357210340619137024&entry.80025796=26748
",Neutral,No,No,No
1427006401621147654,"https://docs.google.com/forms/d/e/1FAIpQLSctrQxVga0kNDvLDbkss6vDwHr57V5awrMID3_4yjJdX3VFXg/viewform?usp=pp_url&entry.1442528882=https://twitter.com/yabanci7686/status/1427006401621147654&entry.80025796=26748
",Neutral,No,No,No
1411554885577871362,"https://docs.google.com/forms/d/e/1FAIpQLSctrQxVga0kNDvLDbkss6vDwHr57V5awrMID3_4yjJdX3VFXg/viewform?usp=pp_url&entry.1442528882=https://twitter.com/Nezaket09/status/1411554885577871362&entry.80025796=26748
",Neutral,No,Yes,No
1473721925390196739,"https://docs.google.com/forms/d/e/1FAIpQLSctrQxVga0kNDvLDbkss6vDwHr57V5awrMID3_4yjJdX3VFXg/viewform?usp=pp_url&entry.1442528882=https://twitter.com/YargHulya/status/1473721925390196739&entry.80025796=26748
",Negative,No,Yes,No
1422967588871680002,"https://docs.google.com/forms/d/e/1FAIpQLSctrQxVga0kNDvLDbkss6vDwHr57V5awrMID3_4yjJdX3VFXg/viewform?usp=pp_url&entry.1442528882=https://twitter.com/murat0044/status/1422967588871680002&entry.80025796=26748
",Neutral,No,No,No
1433755436067459076,"https://docs.google.com/forms/d/e/1FAIpQLSctrQxVga0kNDvLDbkss6vDwHr57V5awrMID3_4yjJdX3VFXg/viewform?usp=pp_url&entry.1442528882=https://twitter.com/basakmountain/status/1433755436067459076&entry.80025796=26748
",Neutral,No,No,No
1426840565027676164,"https://docs.google.com/forms/d/e/1FAIpQLSctrQxVga0kNDvLDbkss6vDwHr57V5awrMID3_4yjJdX3VFXg/viewform?usp=pp_url&entry.1442528882=https://twitter.com/lknurar15683910/status/1426840565027676164&entry.80025796=26748
",Positive,Yes,Yes,No
1449364758625411073,"https://docs.google.com/forms/d/e/1FAIpQLSctrQxVga0kNDvLDbkss6vDwHr57V5awrMID3_4yjJdX3VFXg/viewform?usp=pp_url&entry.1442528882=https://twitter.com/Aliafak95642317/status/1449364758625411073&entry.80025796=26748
",Negative,No,Yes,Yes
1445018181651795973,"https://docs.google.com/forms/d/e/1FAIpQLSctrQxVga0kNDvLDbkss6vDwHr57V5awrMID3_4yjJdX3VFXg/viewform?usp=pp_url&entry.1442528882=https://twitter.com/gazianteptb/status/1445018181651795973&entry.80025796=26748
",Positive,No,No,No
1468652098002853893,"https://docs.google.com/forms/d/e/1FAIpQLSctrQxVga0kNDvLDbkss6vDwHr57V5awrMID3_4yjJdX3VFXg/viewform?usp=pp_url&entry.1442528882=https://twitter.com/Ziraatm24164382/status/1468652098002853893&entry.80025796=26748
",Neutral,Yes,Yes,No
1413892483604525062,"https://docs.google.com/forms/d/e/1FAIpQLSctrQxVga0kNDvLDbkss6vDwHr57V5awrMID3_4yjJdX3VFXg/viewform?usp=pp_url&entry.1442528882=https://twitter.com/GulerKeske1/status/1413892483604525062&entry.80025796=26748
",Negative,Yes,Yes,Yes
1436577236711362567,"https://docs.google.com/forms/d/e/1FAIpQLSctrQxVga0kNDvLDbkss6vDwHr57V5awrMID3_4yjJdX3VFXg/viewform?usp=pp_url&entry.1442528882=https://twitter.com/OzBzgln/status/1436577236711362567&entry.80025796=26748
",Negative,Yes,No,No
1428466229157769218,"https://docs.google.com/forms/d/e/1FAIpQLSctrQxVga0kNDvLDbkss6vDwHr57V5awrMID3_4yjJdX3VFXg/viewform?usp=pp_url&entry.1442528882=https://twitter.com/Kokoskov2/status/1428466229157769218&entry.80025796=26748
",Positive,No,No,No
1420780091722903560,"https://docs.google.com/forms/d/e/1FAIpQLSctrQxVga0kNDvLDbkss6vDwHr57V5awrMID3_4yjJdX3VFXg/viewform?usp=pp_url&entry.1442528882=https://twitter.com/TURKBugrahan/status/1420780091722903560&entry.80025796=26748
",Neutral,No,Yes,No
1458144647360954369,"https://docs.google.com/forms/d/e/1FAIpQLSctrQxVga0kNDvLDbkss6vDwHr57V5awrMID3_4yjJdX3VFXg/viewform?usp=pp_url&entry.1442528882=https://twitter.com/Denetmenn44/status/1458144647360954369&entry.80025796=26748
",Negative,Yes,Yes,Yes
1444692771454046210,"https://docs.google.com/forms/d/e/1FAIpQLSctrQxVga0kNDvLDbkss6vDwHr57V5awrMID3_4yjJdX3VFXg/viewform?usp=pp_url&entry.1442528882=https://twitter.com/cetin1004/status/1444692771454046210&entry.80025796=26748
",Neutral,Yes,Yes,No
1422817725613813760,"https://docs.google.com/forms/d/e/1FAIpQLSctrQxVga0kNDvLDbkss6vDwHr57V5awrMID3_4yjJdX3VFXg/viewform?usp=pp_url&entry.1442528882=https://twitter.com/haber3com/status/1422817725613813760&entry.80025796=26748
",Neutral,No,Yes,No
1428477576436125697,"https://docs.google.com/forms/d/e/1FAIpQLSctrQxVga0kNDvLDbkss6vDwHr57V5awrMID3_4yjJdX3VFXg/viewform?usp=pp_url&entry.1442528882=https://twitter.com/lisqfy/status/1428477576436125697&entry.80025796=26748
",Positive,No,No,No
1426676740659814403,"https://docs.google.com/forms/d/e/1FAIpQLSctrQxVga0kNDvLDbkss6vDwHr57V5awrMID3_4yjJdX3VFXg/viewform?usp=pp_url&entry.1442528882=https://twitter.com/SmokyWarriors/status/1426676740659814403&entry.80025796=26748
",Positive,No,No,No
1403283859022692352,"https://docs.google.com/forms/d/e/1FAIpQLSctrQxVga0kNDvLDbkss6vDwHr57V5awrMID3_4yjJdX3VFXg/viewform?usp=pp_url&entry.1442528882=https://twitter.com/AstrolojiCeres/status/1403283859022692352&entry.80025796=26748
",Neutral,No,No,No
1346489567461978113,"https://docs.google.com/forms/d/e/1FAIpQLSctrQxVga0kNDvLDbkss6vDwHr57V5awrMID3_4yjJdX3VFXg/viewform?usp=pp_url&entry.1442528882=https://twitter.com/erkmen429/status/1346489567461978113&entry.80025796=26748
",Negative,Yes,No,No
1422896367584808963,"https://docs.google.com/forms/d/e/1FAIpQLSctrQxVga0kNDvLDbkss6vDwHr57V5awrMID3_4yjJdX3VFXg/viewform?usp=pp_url&entry.1442528882=https://twitter.com/hakankoseoglu/status/1422896367584808963&entry.80025796=26748
",Neutral,No,Yes,No
1411800673910505475,"https://docs.google.com/forms/d/e/1FAIpQLSctrQxVga0kNDvLDbkss6vDwHr57V5awrMID3_4yjJdX3VFXg/viewform?usp=pp_url&entry.1442528882=https://twitter.com/Mervemsiii3/status/1411800673910505475&entry.80025796=26748
",Neutral,Yes,No,No
1382277351392821249,"https://docs.google.com/forms/d/e/1FAIpQLSctrQxVga0kNDvLDbkss6vDwHr57V5awrMID3_4yjJdX3VFXg/viewform?usp=pp_url&entry.1442528882=https://twitter.com/sushmui/status/1382277351392821249&entry.80025796=26748
",Neutral,No,No,No
1416106687866544133,"https://docs.google.com/forms/d/e/1FAIpQLSctrQxVga0kNDvLDbkss6vDwHr57V5awrMID3_4yjJdX3VFXg/viewform?usp=pp_url&entry.1442528882=https://twitter.com/bay_yalcnts/status/1416106687866544133&entry.80025796=26748
",Neutral,No,Yes,Yes
1382055945849729026,"https://docs.google.com/forms/d/e/1FAIpQLSctrQxVga0kNDvLDbkss6vDwHr57V5awrMID3_4yjJdX3VFXg/viewform?usp=pp_url&entry.1442528882=https://twitter.com/rosesupermacys/status/1382055945849729026&entry.80025796=26748
",Neutral,No,No,No
1452669704926072841,"https://docs.google.com/forms/d/e/1FAIpQLSctrQxVga0kNDvLDbkss6vDwHr57V5awrMID3_4yjJdX3VFXg/viewform?usp=pp_url&entry.1442528882=https://twitter.com/ramazankoysu01/status/1452669704926072841&entry.80025796=26748
",Negative,No,Yes,Yes
1426155708572176386,"https://docs.google.com/forms/d/e/1FAIpQLSctrQxVga0kNDvLDbkss6vDwHr57V5awrMID3_4yjJdX3VFXg/viewform?usp=pp_url&entry.1442528882=https://twitter.com/Emre7298298/status/1426155708572176386&entry.80025796=26748
",Neutral,Yes,Yes,No
1376137890699304965,"https://docs.google.com/forms/d/e/1FAIpQLSctrQxVga0kNDvLDbkss6vDwHr57V5awrMID3_4yjJdX3VFXg/viewform?usp=pp_url&entry.1442528882=https://twitter.com/kafami_bozmayin/status/1376137890699304965&entry.80025796=26748
",Neutral,No,No,No
1392157112080519170,"https://docs.google.com/forms/d/e/1FAIpQLSctrQxVga0kNDvLDbkss6vDwHr57V5awrMID3_4yjJdX3VFXg/viewform?usp=pp_url&entry.1442528882=https://twitter.com/alperena993/status/1392157112080519170&entry.80025796=26748
",Neutral,No,No,No
1425740381380034560,"https://docs.google.com/forms/d/e/1FAIpQLSctrQxVga0kNDvLDbkss6vDwHr57V5awrMID3_4yjJdX3VFXg/viewform?usp=pp_url&entry.1442528882=https://twitter.com/2020Liparit/status/1425740381380034560&entry.80025796=26748
",Neutral,No,Yes,No
1433340600544342016,"https://docs.google.com/forms/d/e/1FAIpQLSctrQxVga0kNDvLDbkss6vDwHr57V5awrMID3_4yjJdX3VFXg/viewform?usp=pp_url&entry.1442528882=https://twitter.com/aliiertenn/status/1433340600544342016&entry.80025796=26748
",Neutral,No,No,No
1429109868569497612,"https://docs.google.com/forms/d/e/1FAIpQLSctrQxVga0kNDvLDbkss6vDwHr57V5awrMID3_4yjJdX3VFXg/viewform?usp=pp_url&entry.1442528882=https://twitter.com/ghezzall31/status/1429109868569497612&entry.80025796=26748
",Negative,No,No,Yes
1453457844834025482,"https://docs.google.com/forms/d/e/1FAIpQLSctrQxVga0kNDvLDbkss6vDwHr57V5awrMID3_4yjJdX3VFXg/viewform?usp=pp_url&entry.1442528882=https://twitter.com/overthinkersay/status/1453457844834025482&entry.80025796=26748
",Neutral,No,No,No
1349100712546996224,"https://docs.google.com/forms/d/e/1FAIpQLSctrQxVga0kNDvLDbkss6vDwHr57V5awrMID3_4yjJdX3VFXg/viewform?usp=pp_url&entry.1442528882=https://twitter.com/seda88784195/status/1349100712546996224&entry.80025796=26748
",Neutral,No,Yes,No
1387771625001586699,"https://docs.google.com/forms/d/e/1FAIpQLSctrQxVga0kNDvLDbkss6vDwHr57V5awrMID3_4yjJdX3VFXg/viewform?usp=pp_url&entry.1442528882=https://twitter.com/Alibahadirs/status/1387771625001586699&entry.80025796=26748
",Neutral,No,No,No
1347949373142028289,"https://docs.google.com/forms/d/e/1FAIpQLSctrQxVga0kNDvLDbkss6vDwHr57V5awrMID3_4yjJdX3VFXg/viewform?usp=pp_url&entry.1442528882=https://twitter.com/operatikcapul/status/1347949373142028289&entry.80025796=26748
",Negative,No,Yes,Yes
1381352541758365699,"https://docs.google.com/forms/d/e/1FAIpQLSctrQxVga0kNDvLDbkss6vDwHr57V5awrMID3_4yjJdX3VFXg/viewform?usp=pp_url&entry.1442528882=https://twitter.com/ahmetakogluu/status/1381352541758365699&entry.80025796=26748
",Positive,No,No,No
1446578802507780102,"https://docs.google.com/forms/d/e/1FAIpQLSctrQxVga0kNDvLDbkss6vDwHr57V5awrMID3_4yjJdX3VFXg/viewform?usp=pp_url&entry.1442528882=https://twitter.com/ggukvf/status/1446578802507780102&entry.80025796=26748
",Negative,No,No,No
1353827484672937984,"https://docs.google.com/forms/d/e/1FAIpQLSctrQxVga0kNDvLDbkss6vDwHr57V5awrMID3_4yjJdX3VFXg/viewform?usp=pp_url&entry.1442528882=https://twitter.com/BurhanLale7/status/1353827484672937984&entry.80025796=26748
",Neutral,No,Yes,No
1377624602445279239,"https://docs.google.com/forms/d/e/1FAIpQLSctrQxVga0kNDvLDbkss6vDwHr57V5awrMID3_4yjJdX3VFXg/viewform?usp=pp_url&entry.1442528882=https://twitter.com/harutrocck/status/1377624602445279239&entry.80025796=26748
",Neutral,Yes,No,No
1392044796584337410,"https://docs.google.com/forms/d/e/1FAIpQLSctrQxVga0kNDvLDbkss6vDwHr57V5awrMID3_4yjJdX3VFXg/viewform?usp=pp_url&entry.1442528882=https://twitter.com/tnylogy/status/1392044796584337410&entry.80025796=26748
",Positive,No,Yes,No
1421828314835169281,"https://docs.google.com/forms/d/e/1FAIpQLSctrQxVga0kNDvLDbkss6vDwHr57V5awrMID3_4yjJdX3VFXg/viewform?usp=pp_url&entry.1442528882=https://twitter.com/ENBYEINS/status/1421828314835169281&entry.80025796=26748
",Neutral,No,No,No
1386368544330428418,"https://docs.google.com/forms/d/e/1FAIpQLSctrQxVga0kNDvLDbkss6vDwHr57V5awrMID3_4yjJdX3VFXg/viewform?usp=pp_url&entry.1442528882=https://twitter.com/AkillionIsBack/status/1386368544330428418&entry.80025796=26748
",Neutral,No,No,No
1453417409348575237,"https://docs.google.com/forms/d/e/1FAIpQLSctrQxVga0kNDvLDbkss6vDwHr57V5awrMID3_4yjJdX3VFXg/viewform?usp=pp_url&entry.1442528882=https://twitter.com/HataszKulOlma20/status/1453417409348575237&entry.80025796=26748
",Neutral,No,Yes,No
1454929120677318658,"https://docs.google.com/forms/d/e/1FAIpQLSctrQxVga0kNDvLDbkss6vDwHr57V5awrMID3_4yjJdX3VFXg/viewform?usp=pp_url&entry.1442528882=https://twitter.com/KarakayaLeyli/status/1454929120677318658&entry.80025796=26748
",Neutral,No,No,No
1473252930279124993,"https://docs.google.com/forms/d/e/1FAIpQLSctrQxVga0kNDvLDbkss6vDwHr57V5awrMID3_4yjJdX3VFXg/viewform?usp=pp_url&entry.1442528882=https://twitter.com/turanzynpp/status/1473252930279124993&entry.80025796=26748
",Neutral,No,Yes,No
1431206944262475778,"https://docs.google.com/forms/d/e/1FAIpQLSctrQxVga0kNDvLDbkss6vDwHr57V5awrMID3_4yjJdX3VFXg/viewform?usp=pp_url&entry.1442528882=https://twitter.com/orhanatmaca/status/1431206944262475778&entry.80025796=26748
",Neutral,No,No,No
1394780773371232256,"https://docs.google.com/forms/d/e/1FAIpQLSctrQxVga0kNDvLDbkss6vDwHr57V5awrMID3_4yjJdX3VFXg/viewform?usp=pp_url&entry.1442528882=https://twitter.com/raiinstylinson/status/1394780773371232256&entry.80025796=26748
",Neutral,No,No,No
1397606520439857154,"https://docs.google.com/forms/d/e/1FAIpQLSctrQxVga0kNDvLDbkss6vDwHr57V5awrMID3_4yjJdX3VFXg/viewform?usp=pp_url&entry.1442528882=https://twitter.com/iYiKiZaN/status/1397606520439857154&entry.80025796=26748
",Positive,No,No,No
1345648211025928192,"https://docs.google.com/forms/d/e/1FAIpQLSctrQxVga0kNDvLDbkss6vDwHr57V5awrMID3_4yjJdX3VFXg/viewform?usp=pp_url&entry.1442528882=https://twitter.com/TahaOzkul1/status/1345648211025928192&entry.80025796=26748
",Neutral,No,No,No
1368328482112106499,"https://docs.google.com/forms/d/e/1FAIpQLSctrQxVga0kNDvLDbkss6vDwHr57V5awrMID3_4yjJdX3VFXg/viewform?usp=pp_url&entry.1442528882=https://twitter.com/rckstarlt/status/1368328482112106499&entry.80025796=26748
",Neutral,No,No,No
1453662039503671304,"https://docs.google.com/forms/d/e/1FAIpQLSctrQxVga0kNDvLDbkss6vDwHr57V5awrMID3_4yjJdX3VFXg/viewform?usp=pp_url&entry.1442528882=https://twitter.com/Fatma73994357/status/1453662039503671304&entry.80025796=26748
",Neutral,No,Yes,No
1380451286085156864,"https://docs.google.com/forms/d/e/1FAIpQLSctrQxVga0kNDvLDbkss6vDwHr57V5awrMID3_4yjJdX3VFXg/viewform?usp=pp_url&entry.1442528882=https://twitter.com/iamcrmn/status/1380451286085156864&entry.80025796=26748
",Neutral,No,No,No
1435332861398237187,"https://docs.google.com/forms/d/e/1FAIpQLSctrQxVga0kNDvLDbkss6vDwHr57V5awrMID3_4yjJdX3VFXg/viewform?usp=pp_url&entry.1442528882=https://twitter.com/aidaammdvaa/status/1435332861398237187&entry.80025796=26748
",Positive,No,No,No
1416498121576755201,"https://docs.google.com/forms/d/e/1FAIpQLSctrQxVga0kNDvLDbkss6vDwHr57V5awrMID3_4yjJdX3VFXg/viewform?usp=pp_url&entry.1442528882=https://twitter.com/sadic_85/status/1416498121576755201&entry.80025796=26748
",Positive,Yes,No,No
1349809012188049410,"https://docs.google.com/forms/d/e/1FAIpQLSctrQxVga0kNDvLDbkss6vDwHr57V5awrMID3_4yjJdX3VFXg/viewform?usp=pp_url&entry.1442528882=https://twitter.com/srcnozt/status/1349809012188049410&entry.80025796=26748
",Neutral,No,No,No
1428837725168455683,"https://docs.google.com/forms/d/e/1FAIpQLSctrQxVga0kNDvLDbkss6vDwHr57V5awrMID3_4yjJdX3VFXg/viewform?usp=pp_url&entry.1442528882=https://twitter.com/galaleon/status/1428837725168455683&entry.80025796=26748
",Negative,No,Yes,No
1416447338202152965,"https://docs.google.com/forms/d/e/1FAIpQLSctrQxVga0kNDvLDbkss6vDwHr57V5awrMID3_4yjJdX3VFXg/viewform?usp=pp_url&entry.1442528882=https://twitter.com/shpszde/status/1416447338202152965&entry.80025796=26748
",Neutral,No,No,No
1427644388403032064,"https://docs.google.com/forms/d/e/1FAIpQLSctrQxVga0kNDvLDbkss6vDwHr57V5awrMID3_4yjJdX3VFXg/viewform?usp=pp_url&entry.1442528882=https://twitter.com/kxkdlhfks/status/1427644388403032064&entry.80025796=26748
",Neutral,No,No,No
1362816201118932999,"https://docs.google.com/forms/d/e/1FAIpQLSctrQxVga0kNDvLDbkss6vDwHr57V5awrMID3_4yjJdX3VFXg/viewform?usp=pp_url&entry.1442528882=https://twitter.com/acmujap88/status/1362816201118932999&entry.80025796=26748
",Negative,No,Yes,No
1431928381310967810,"https://docs.google.com/forms/d/e/1FAIpQLSctrQxVga0kNDvLDbkss6vDwHr57V5awrMID3_4yjJdX3VFXg/viewform?usp=pp_url&entry.1442528882=https://twitter.com/ovgutto/status/1431928381310967810&entry.80025796=26748
",Neutral,No,Yes,No
1375135838737162240,"https://docs.google.com/forms/d/e/1FAIpQLSctrQxVga0kNDvLDbkss6vDwHr57V5awrMID3_4yjJdX3VFXg/viewform?usp=pp_url&entry.1442528882=https://twitter.com/piisipisiiii/status/1375135838737162240&entry.80025796=26748
",Neutral,No,No,No
1425852706355286016,"https://docs.google.com/forms/d/e/1FAIpQLSctrQxVga0kNDvLDbkss6vDwHr57V5awrMID3_4yjJdX3VFXg/viewform?usp=pp_url&entry.1442528882=https://twitter.com/SerdarD41791462/status/1425852706355286016&entry.80025796=26748
",Negative,No,Yes,Yes
1369391831692288008,"https://docs.google.com/forms/d/e/1FAIpQLSctrQxVga0kNDvLDbkss6vDwHr57V5awrMID3_4yjJdX3VFXg/viewform?usp=pp_url&entry.1442528882=https://twitter.com/ovaneyt/status/1369391831692288008&entry.80025796=26748
",Neutral,Yes,No,No
1473131326756765696,"https://docs.google.com/forms/d/e/1FAIpQLSctrQxVga0kNDvLDbkss6vDwHr57V5awrMID3_4yjJdX3VFXg/viewform?usp=pp_url&entry.1442528882=https://twitter.com/clayton17056182/status/1473131326756765696&entry.80025796=26748
",Neutral,No,Yes,No
1345774275463172097,"https://docs.google.com/forms/d/e/1FAIpQLSctrQxVga0kNDvLDbkss6vDwHr57V5awrMID3_4yjJdX3VFXg/viewform?usp=pp_url&entry.1442528882=https://twitter.com/hic_en/status/1345774275463172097&entry.80025796=26748
",Neutral,No,No,No
1473362372978958342,"https://docs.google.com/forms/d/e/1FAIpQLSctrQxVga0kNDvLDbkss6vDwHr57V5awrMID3_4yjJdX3VFXg/viewform?usp=pp_url&entry.1442528882=https://twitter.com/MAYDIN129/status/1473362372978958342&entry.80025796=26748
",Negative,No,Yes,Yes
1346588504386641923,"https://docs.google.com/forms/d/e/1FAIpQLSctrQxVga0kNDvLDbkss6vDwHr57V5awrMID3_4yjJdX3VFXg/viewform?usp=pp_url&entry.1442528882=https://twitter.com/Papisco_S/status/1346588504386641923&entry.80025796=26748
",Neutral,No,No,No
1421217376381636611,"https://docs.google.com/forms/d/e/1FAIpQLSctrQxVga0kNDvLDbkss6vDwHr57V5awrMID3_4yjJdX3VFXg/viewform?usp=pp_url&entry.1442528882=https://twitter.com/CihanferRTE2071/status/1421217376381636611&entry.80025796=26748
",Positive,No,Yes,No
1467028692098555917,"https://docs.google.com/forms/d/e/1FAIpQLSctrQxVga0kNDvLDbkss6vDwHr57V5awrMID3_4yjJdX3VFXg/viewform?usp=pp_url&entry.1442528882=https://twitter.com/oguzmac5408/status/1467028692098555917&entry.80025796=26748
",Neutral,No,Yes,No
1352677877960085505,"https://docs.google.com/forms/d/e/1FAIpQLSctrQxVga0kNDvLDbkss6vDwHr57V5awrMID3_4yjJdX3VFXg/viewform?usp=pp_url&entry.1442528882=https://twitter.com/bahsigecensahis/status/1352677877960085505&entry.80025796=26748
",Neutral,No,No,No
1432332115375448067,"https://docs.google.com/forms/d/e/1FAIpQLSctrQxVga0kNDvLDbkss6vDwHr57V5awrMID3_4yjJdX3VFXg/viewform?usp=pp_url&entry.1442528882=https://twitter.com/AdemTemir8/status/1432332115375448067&entry.80025796=26748
",Neutral,No,No,No
1427281624320954374,"https://docs.google.com/forms/d/e/1FAIpQLSctrQxVga0kNDvLDbkss6vDwHr57V5awrMID3_4yjJdX3VFXg/viewform?usp=pp_url&entry.1442528882=https://twitter.com/girgirvirvir/status/1427281624320954374&entry.80025796=26748
",Neutral,No,Yes,Yes
1429060430304104452,"https://docs.google.com/forms/d/e/1FAIpQLSctrQxVga0kNDvLDbkss6vDwHr57V5awrMID3_4yjJdX3VFXg/viewform?usp=pp_url&entry.1442528882=https://twitter.com/anpanenby/status/1429060430304104452&entry.80025796=26748
",Neutral,No,No,No
1374672687788740611,"https://docs.google.com/forms/d/e/1FAIpQLSctrQxVga0kNDvLDbkss6vDwHr57V5awrMID3_4yjJdX3VFXg/viewform?usp=pp_url&entry.1442528882=https://twitter.com/vvtayyj/status/1374672687788740611&entry.80025796=26748
",Neutral,No,No,No
1444744524308361218,"https://docs.google.com/forms/d/e/1FAIpQLSctrQxVga0kNDvLDbkss6vDwHr57V5awrMID3_4yjJdX3VFXg/viewform?usp=pp_url&entry.1442528882=https://twitter.com/gltekinfatih/status/1444744524308361218&entry.80025796=26748
",Positive,No,No,No
1427187616563216384,"https://docs.google.com/forms/d/e/1FAIpQLSctrQxVga0kNDvLDbkss6vDwHr57V5awrMID3_4yjJdX3VFXg/viewform?usp=pp_url&entry.1442528882=https://twitter.com/onurkckylmaz/status/1427187616563216384&entry.80025796=26748
",Neutral,No,Yes,No
1441887862262321152,"https://docs.google.com/forms/d/e/1FAIpQLSctrQxVga0kNDvLDbkss6vDwHr57V5awrMID3_4yjJdX3VFXg/viewform?usp=pp_url&entry.1442528882=https://twitter.com/gamzeliyarimfd/status/1441887862262321152&entry.80025796=26748
",Positive,No,No,No
1450075545455271942,"https://docs.google.com/forms/d/e/1FAIpQLSctrQxVga0kNDvLDbkss6vDwHr57V5awrMID3_4yjJdX3VFXg/viewform?usp=pp_url&entry.1442528882=https://twitter.com/islamianalizhm/status/1450075545455271942&entry.80025796=26748
",Neutral,No,Yes,Yes
1448970750489206836,"https://docs.google.com/forms/d/e/1FAIpQLSctrQxVga0kNDvLDbkss6vDwHr57V5awrMID3_4yjJdX3VFXg/viewform?usp=pp_url&entry.1442528882=https://twitter.com/Carnewstr/status/1448970750489206836&entry.80025796=26748
",Neutral,Yes,Yes,No
1471117620040675335,"https://docs.google.com/forms/d/e/1FAIpQLSctrQxVga0kNDvLDbkss6vDwHr57V5awrMID3_4yjJdX3VFXg/viewform?usp=pp_url&entry.1442528882=https://twitter.com/serdarakca2134/status/1471117620040675335&entry.80025796=26748
",Negative,No,Yes,No
1363245251150888963,"https://docs.google.com/forms/d/e/1FAIpQLSctrQxVga0kNDvLDbkss6vDwHr57V5awrMID3_4yjJdX3VFXg/viewform?usp=pp_url&entry.1442528882=https://twitter.com/Aquarius257/status/1363245251150888963&entry.80025796=26748
",Neutral,Yes,No,No
1402746698305314817,"https://docs.google.com/forms/d/e/1FAIpQLSctrQxVga0kNDvLDbkss6vDwHr57V5awrMID3_4yjJdX3VFXg/viewform?usp=pp_url&entry.1442528882=https://twitter.com/uznszn/status/1402746698305314817&entry.80025796=26748
",Positive,No,No,No
1449701247909572609,"https://docs.google.com/forms/d/e/1FAIpQLSctrQxVga0kNDvLDbkss6vDwHr57V5awrMID3_4yjJdX3VFXg/viewform?usp=pp_url&entry.1442528882=https://twitter.com/yazaradana/status/1449701247909572609&entry.80025796=26748
",Neutral,No,Yes,No
1422995223815331840,"https://docs.google.com/forms/d/e/1FAIpQLSctrQxVga0kNDvLDbkss6vDwHr57V5awrMID3_4yjJdX3VFXg/viewform?usp=pp_url&entry.1442528882=https://twitter.com/xalixalil/status/1422995223815331840&entry.80025796=26748
",Neutral,No,Yes,Yes
1419361404021317635,"https://docs.google.com/forms/d/e/1FAIpQLSctrQxVga0kNDvLDbkss6vDwHr57V5awrMID3_4yjJdX3VFXg/viewform?usp=pp_url&entry.1442528882=https://twitter.com/Bells_Chrismont/status/1419361404021317635&entry.80025796=26748
",Neutral,No,No,No
1441389286822010883,"https://docs.google.com/forms/d/e/1FAIpQLSctrQxVga0kNDvLDbkss6vDwHr57V5awrMID3_4yjJdX3VFXg/viewform?usp=pp_url&entry.1442528882=https://twitter.com/Mustafa37156698/status/1441389286822010883&entry.80025796=26748
",Neutral,No,Yes,No
1365308165059993600,"https://docs.google.com/forms/d/e/1FAIpQLSctrQxVga0kNDvLDbkss6vDwHr57V5awrMID3_4yjJdX3VFXg/viewform?usp=pp_url&entry.1442528882=https://twitter.com/rthessabiii/status/1365308165059993600&entry.80025796=26748
",Positive,No,No,No
1448294462753579012,"https://docs.google.com/forms/d/e/1FAIpQLSctrQxVga0kNDvLDbkss6vDwHr57V5awrMID3_4yjJdX3VFXg/viewform?usp=pp_url&entry.1442528882=https://twitter.com/osmankutlu33/status/1448294462753579012&entry.80025796=26748
",Neutral,No,Yes,No
1467492812077871108,"https://docs.google.com/forms/d/e/1FAIpQLSctrQxVga0kNDvLDbkss6vDwHr57V5awrMID3_4yjJdX3VFXg/viewform?usp=pp_url&entry.1442528882=https://twitter.com/SeyyidmustafaA/status/1467492812077871108&entry.80025796=26748
",Neutral,No,Yes,No
1442133237443305479,"https://docs.google.com/forms/d/e/1FAIpQLSctrQxVga0kNDvLDbkss6vDwHr57V5awrMID3_4yjJdX3VFXg/viewform?usp=pp_url&entry.1442528882=https://twitter.com/Dunkofkim/status/1442133237443305479&entry.80025796=26748
",Neutral,No,Yes,No
1447522457447981056,"https://docs.google.com/forms/d/e/1FAIpQLSctrQxVga0kNDvLDbkss6vDwHr57V5awrMID3_4yjJdX3VFXg/viewform?usp=pp_url&entry.1442528882=https://twitter.com/ahusimya/status/1447522457447981056&entry.80025796=26748
",Neutral,No,Yes,No
1377698657072467968,"https://docs.google.com/forms/d/e/1FAIpQLSctrQxVga0kNDvLDbkss6vDwHr57V5awrMID3_4yjJdX3VFXg/viewform?usp=pp_url&entry.1442528882=https://twitter.com/juwenilman/status/1377698657072467968&entry.80025796=26748
",Neutral,No,No,No
1441810561247940613,"https://docs.google.com/forms/d/e/1FAIpQLSctrQxVga0kNDvLDbkss6vDwHr57V5awrMID3_4yjJdX3VFXg/viewform?usp=pp_url&entry.1442528882=https://twitter.com/tarkbag1/status/1441810561247940613&entry.80025796=26748
",Neutral,No,No,No
1429386921667616770,"https://docs.google.com/forms/d/e/1FAIpQLSctrQxVga0kNDvLDbkss6vDwHr57V5awrMID3_4yjJdX3VFXg/viewform?usp=pp_url&entry.1442528882=https://twitter.com/babalalue/status/1429386921667616770&entry.80025796=26748
",Positive,No,No,No
1446955255971856387,"https://docs.google.com/forms/d/e/1FAIpQLSctrQxVga0kNDvLDbkss6vDwHr57V5awrMID3_4yjJdX3VFXg/viewform?usp=pp_url&entry.1442528882=https://twitter.com/irembeeyz/status/1446955255971856387&entry.80025796=26748
",Neutral,No,No,No
1444604491173666817,"https://docs.google.com/forms/d/e/1FAIpQLSctrQxVga0kNDvLDbkss6vDwHr57V5awrMID3_4yjJdX3VFXg/viewform?usp=pp_url&entry.1442528882=https://twitter.com/haliilcam/status/1444604491173666817&entry.80025796=26748
",Neutral,No,No,No
1432787635249061888,"https://docs.google.com/forms/d/e/1FAIpQLSctrQxVga0kNDvLDbkss6vDwHr57V5awrMID3_4yjJdX3VFXg/viewform?usp=pp_url&entry.1442528882=https://twitter.com/Ahmedo_1907/status/1432787635249061888&entry.80025796=26748
",Positive,No,Yes,No
1372637835430350850,"https://docs.google.com/forms/d/e/1FAIpQLSctrQxVga0kNDvLDbkss6vDwHr57V5awrMID3_4yjJdX3VFXg/viewform?usp=pp_url&entry.1442528882=https://twitter.com/MehmetA24033787/status/1372637835430350850&entry.80025796=26748
",Positive,No,Yes,No
1401089993527996421,"https://docs.google.com/forms/d/e/1FAIpQLSctrQxVga0kNDvLDbkss6vDwHr57V5awrMID3_4yjJdX3VFXg/viewform?usp=pp_url&entry.1442528882=https://twitter.com/EceT24070765/status/1401089993527996421&entry.80025796=26748
",Neutral,No,No,No
1436963595460517888,"https://docs.google.com/forms/d/e/1FAIpQLSctrQxVga0kNDvLDbkss6vDwHr57V5awrMID3_4yjJdX3VFXg/viewform?usp=pp_url&entry.1442528882=https://twitter.com/ikinci_Karl/status/1436963595460517888&entry.80025796=26748
",Neutral,Yes,No,No
1396099692392591369,"https://docs.google.com/forms/d/e/1FAIpQLSctrQxVga0kNDvLDbkss6vDwHr57V5awrMID3_4yjJdX3VFXg/viewform?usp=pp_url&entry.1442528882=https://twitter.com/nevaonlinee/status/1396099692392591369&entry.80025796=26748
",Neutral,No,No,No
1452249026720579597,"https://docs.google.com/forms/d/e/1FAIpQLSctrQxVga0kNDvLDbkss6vDwHr57V5awrMID3_4yjJdX3VFXg/viewform?usp=pp_url&entry.1442528882=https://twitter.com/hzlnutchcopearl/status/1452249026720579597&entry.80025796=26748
",Negative,No,No,No
1470324271864070146,"https://docs.google.com/forms/d/e/1FAIpQLSctrQxVga0kNDvLDbkss6vDwHr57V5awrMID3_4yjJdX3VFXg/viewform?usp=pp_url&entry.1442528882=https://twitter.com/Mehmettbykkk/status/1470324271864070146&entry.80025796=26748
",Neutral,No,Yes,No
1388500042227593217,"https://docs.google.com/forms/d/e/1FAIpQLSctrQxVga0kNDvLDbkss6vDwHr57V5awrMID3_4yjJdX3VFXg/viewform?usp=pp_url&entry.1442528882=https://twitter.com/eser_kor/status/1388500042227593217&entry.80025796=26748
",Neutral,No,Yes,No
1460256346624954371,"https://docs.google.com/forms/d/e/1FAIpQLSctrQxVga0kNDvLDbkss6vDwHr57V5awrMID3_4yjJdX3VFXg/viewform?usp=pp_url&entry.1442528882=https://twitter.com/VatanVeMillet2/status/1460256346624954371&entry.80025796=26748
",Positive,No,Yes,No
1368522336543137795,"https://docs.google.com/forms/d/e/1FAIpQLSctrQxVga0kNDvLDbkss6vDwHr57V5awrMID3_4yjJdX3VFXg/viewform?usp=pp_url&entry.1442528882=https://twitter.com/galasevdasii/status/1368522336543137795&entry.80025796=26748
",Neutral,No,No,No
1414231089376374786,"https://docs.google.com/forms/d/e/1FAIpQLSctrQxVga0kNDvLDbkss6vDwHr57V5awrMID3_4yjJdX3VFXg/viewform?usp=pp_url&entry.1442528882=https://twitter.com/SJbestpeace/status/1414231089376374786&entry.80025796=26748
",Negative,No,No,Yes
1470474492950503425,"https://docs.google.com/forms/d/e/1FAIpQLSctrQxVga0kNDvLDbkss6vDwHr57V5awrMID3_4yjJdX3VFXg/viewform?usp=pp_url&entry.1442528882=https://twitter.com/gilinduri/status/1470474492950503425&entry.80025796=26748
",Neutral,No,Yes,No
1402216638926163968,"https://docs.google.com/forms/d/e/1FAIpQLSctrQxVga0kNDvLDbkss6vDwHr57V5awrMID3_4yjJdX3VFXg/viewform?usp=pp_url&entry.1442528882=https://twitter.com/myeneroglu/status/1402216638926163968&entry.80025796=26748
",Neutral,No,Yes,No
1448667231445864451,"https://docs.google.com/forms/d/e/1FAIpQLSctrQxVga0kNDvLDbkss6vDwHr57V5awrMID3_4yjJdX3VFXg/viewform?usp=pp_url&entry.1442528882=https://twitter.com/Saeydali55/status/1448667231445864451&entry.80025796=26748
",Neutral,No,Yes,No
1471136747916562432,"https://docs.google.com/forms/d/e/1FAIpQLSctrQxVga0kNDvLDbkss6vDwHr57V5awrMID3_4yjJdX3VFXg/viewform?usp=pp_url&entry.1442528882=https://twitter.com/Meh76845532Acar/status/1471136747916562432&entry.80025796=26748
",Negative,No,Yes,Yes
1390280372844433414,"https://docs.google.com/forms/d/e/1FAIpQLSctrQxVga0kNDvLDbkss6vDwHr57V5awrMID3_4yjJdX3VFXg/viewform?usp=pp_url&entry.1442528882=https://twitter.com/joonftlove/status/1390280372844433414&entry.80025796=26748
",Positive,Yes,No,No
1450910327441399808,"https://docs.google.com/forms/d/e/1FAIpQLSctrQxVga0kNDvLDbkss6vDwHr57V5awrMID3_4yjJdX3VFXg/viewform?usp=pp_url&entry.1442528882=https://twitter.com/KenanPasa_/status/1450910327441399808&entry.80025796=26748
",Negative,No,Yes,Yes
1396859026705629191,"https://docs.google.com/forms/d/e/1FAIpQLSctrQxVga0kNDvLDbkss6vDwHr57V5awrMID3_4yjJdX3VFXg/viewform?usp=pp_url&entry.1442528882=https://twitter.com/taekookolik_/status/1396859026705629191&entry.80025796=26748
",Negative,No,No,Yes
1395483192224800770,"https://docs.google.com/forms/d/e/1FAIpQLSctrQxVga0kNDvLDbkss6vDwHr57V5awrMID3_4yjJdX3VFXg/viewform?usp=pp_url&entry.1442528882=https://twitter.com/minhosslee/status/1395483192224800770&entry.80025796=26748
",Neutral,No,No,No
1350538642847096833,"https://docs.google.com/forms/d/e/1FAIpQLSctrQxVga0kNDvLDbkss6vDwHr57V5awrMID3_4yjJdX3VFXg/viewform?usp=pp_url&entry.1442528882=https://twitter.com/CaferGn74702472/status/1350538642847096833&entry.80025796=26748
",Neutral,No,No,No
1355218051214553090,"https://docs.google.com/forms/d/e/1FAIpQLSctrQxVga0kNDvLDbkss6vDwHr57V5awrMID3_4yjJdX3VFXg/viewform?usp=pp_url&entry.1442528882=https://twitter.com/imranfener_/status/1355218051214553090&entry.80025796=26748
",Neutral,No,No,No
1438498940580556804,"https://docs.google.com/forms/d/e/1FAIpQLSctrQxVga0kNDvLDbkss6vDwHr57V5awrMID3_4yjJdX3VFXg/viewform?usp=pp_url&entry.1442528882=https://twitter.com/notasinematv/status/1438498940580556804&entry.80025796=26748
",Positive,No,No,No
1360961144769425411,"https://docs.google.com/forms/d/e/1FAIpQLSctrQxVga0kNDvLDbkss6vDwHr57V5awrMID3_4yjJdX3VFXg/viewform?usp=pp_url&entry.1442528882=https://twitter.com/Orhaniix/status/1360961144769425411&entry.80025796=26748
",Negative,No,No,No
1346617349454106626,"https://docs.google.com/forms/d/e/1FAIpQLSctrQxVga0kNDvLDbkss6vDwHr57V5awrMID3_4yjJdX3VFXg/viewform?usp=pp_url&entry.1442528882=https://twitter.com/ewreersoy/status/1346617349454106626&entry.80025796=26748
",Neutral,No,No,No
1404914095254654985,"https://docs.google.com/forms/d/e/1FAIpQLSctrQxVga0kNDvLDbkss6vDwHr57V5awrMID3_4yjJdX3VFXg/viewform?usp=pp_url&entry.1442528882=https://twitter.com/zepatss/status/1404914095254654985&entry.80025796=26748
",Neutral,No,No,No
1459784932973232128,"https://docs.google.com/forms/d/e/1FAIpQLSctrQxVga0kNDvLDbkss6vDwHr57V5awrMID3_4yjJdX3VFXg/viewform?usp=pp_url&entry.1442528882=https://twitter.com/amiyane_/status/1459784932973232128&entry.80025796=26748
",Neutral,Yes,Yes,No
1445483788402708494,"https://docs.google.com/forms/d/e/1FAIpQLSctrQxVga0kNDvLDbkss6vDwHr57V5awrMID3_4yjJdX3VFXg/viewform?usp=pp_url&entry.1442528882=https://twitter.com/34EROGLU34/status/1445483788402708494&entry.80025796=26748
",Positive,No,No,No
1369261267651821570,"https://docs.google.com/forms/d/e/1FAIpQLSctrQxVga0kNDvLDbkss6vDwHr57V5awrMID3_4yjJdX3VFXg/viewform?usp=pp_url&entry.1442528882=https://twitter.com/Gfb0mur/status/1369261267651821570&entry.80025796=26748
",Negative,No,No,Yes
1445623198721052681,"https://docs.google.com/forms/d/e/1FAIpQLSctrQxVga0kNDvLDbkss6vDwHr57V5awrMID3_4yjJdX3VFXg/viewform?usp=pp_url&entry.1442528882=https://twitter.com/emelengurcan/status/1445623198721052681&entry.80025796=26748
",Positive,Yes,Yes,No
1392425807163822083,"https://docs.google.com/forms/d/e/1FAIpQLSctrQxVga0kNDvLDbkss6vDwHr57V5awrMID3_4yjJdX3VFXg/viewform?usp=pp_url&entry.1442528882=https://twitter.com/ati_cin/status/1392425807163822083&entry.80025796=26748
",Positive,No,No,No
1373223294435012610,"https://docs.google.com/forms/d/e/1FAIpQLSctrQxVga0kNDvLDbkss6vDwHr57V5awrMID3_4yjJdX3VFXg/viewform?usp=pp_url&entry.1442528882=https://twitter.com/fthalprnn/status/1373223294435012610&entry.80025796=26748
",Positive,No,No,No
1395798412604420106,"https://docs.google.com/forms/d/e/1FAIpQLSctrQxVga0kNDvLDbkss6vDwHr57V5awrMID3_4yjJdX3VFXg/viewform?usp=pp_url&entry.1442528882=https://twitter.com/namidigertrue/status/1395798412604420106&entry.80025796=26748
",Neutral,Yes,No,No
1372803446269612032,"https://docs.google.com/forms/d/e/1FAIpQLSctrQxVga0kNDvLDbkss6vDwHr57V5awrMID3_4yjJdX3VFXg/viewform?usp=pp_url&entry.1442528882=https://twitter.com/ssimoscuk/status/1372803446269612032&entry.80025796=26748
",Neutral,Yes,No,No
1469603400442695683,"https://docs.google.com/forms/d/e/1FAIpQLSctrQxVga0kNDvLDbkss6vDwHr57V5awrMID3_4yjJdX3VFXg/viewform?usp=pp_url&entry.1442528882=https://twitter.com/Ealp74/status/1469603400442695683&entry.80025796=26748
",Neutral,No,Yes,No
1458563654715125766,"https://docs.google.com/forms/d/e/1FAIpQLSctrQxVga0kNDvLDbkss6vDwHr57V5awrMID3_4yjJdX3VFXg/viewform?usp=pp_url&entry.1442528882=https://twitter.com/tr_hbr/status/1458563654715125766&entry.80025796=26748
",Neutral,No,Yes,No
1423390250932518912,"https://docs.google.com/forms/d/e/1FAIpQLSctrQxVga0kNDvLDbkss6vDwHr57V5awrMID3_4yjJdX3VFXg/viewform?usp=pp_url&entry.1442528882=https://twitter.com/HusamettinAslan/status/1423390250932518912&entry.80025796=26748
",Neutral,No,Yes,No
1370134257490870273,"https://docs.google.com/forms/d/e/1FAIpQLSctrQxVga0kNDvLDbkss6vDwHr57V5awrMID3_4yjJdX3VFXg/viewform?usp=pp_url&entry.1442528882=https://twitter.com/paramparamparca/status/1370134257490870273&entry.80025796=26748
",Neutral,No,No,No
1396975578830581764,"https://docs.google.com/forms/d/e/1FAIpQLSctrQxVga0kNDvLDbkss6vDwHr57V5awrMID3_4yjJdX3VFXg/viewform?usp=pp_url&entry.1442528882=https://twitter.com/jinthelovely/status/1396975578830581764&entry.80025796=26748
",Positive,Yes,No,No
1434565366676606979,"https://docs.google.com/forms/d/e/1FAIpQLSctrQxVga0kNDvLDbkss6vDwHr57V5awrMID3_4yjJdX3VFXg/viewform?usp=pp_url&entry.1442528882=https://twitter.com/elifelloo_/status/1434565366676606979&entry.80025796=26748
",Negative,Yes,No,No
1428967622587162625,"https://docs.google.com/forms/d/e/1FAIpQLSctrQxVga0kNDvLDbkss6vDwHr57V5awrMID3_4yjJdX3VFXg/viewform?usp=pp_url&entry.1442528882=https://twitter.com/tunahankoly/status/1428967622587162625&entry.80025796=26748
",Neutral,Yes,Yes,No
1385295888805937155,"https://docs.google.com/forms/d/e/1FAIpQLSctrQxVga0kNDvLDbkss6vDwHr57V5awrMID3_4yjJdX3VFXg/viewform?usp=pp_url&entry.1442528882=https://twitter.com/RkMusak/status/1385295888805937155&entry.80025796=26748
",Neutral,Yes,No,No
1445620771447967748,"https://docs.google.com/forms/d/e/1FAIpQLSctrQxVga0kNDvLDbkss6vDwHr57V5awrMID3_4yjJdX3VFXg/viewform?usp=pp_url&entry.1442528882=https://twitter.com/Uur81652936/status/1445620771447967748&entry.80025796=26748
",Positive,Yes,No,No
1378101253637615616,"https://docs.google.com/forms/d/e/1FAIpQLSctrQxVga0kNDvLDbkss6vDwHr57V5awrMID3_4yjJdX3VFXg/viewform?usp=pp_url&entry.1442528882=https://twitter.com/lukeReorden/status/1378101253637615616&entry.80025796=26748
",Neutral,No,No,No
1449557637318811660,"https://docs.google.com/forms/d/e/1FAIpQLSctrQxVga0kNDvLDbkss6vDwHr57V5awrMID3_4yjJdX3VFXg/viewform?usp=pp_url&entry.1442528882=https://twitter.com/ozden_arzu/status/1449557637318811660&entry.80025796=26748
",Neutral,Yes,Yes,No
1408740187170037761,"https://docs.google.com/forms/d/e/1FAIpQLSctrQxVga0kNDvLDbkss6vDwHr57V5awrMID3_4yjJdX3VFXg/viewform?usp=pp_url&entry.1442528882=https://twitter.com/nisaatik_/status/1408740187170037761&entry.80025796=26748
",Negative,No,No,No
1382680466373931008,"https://docs.google.com/forms/d/e/1FAIpQLSctrQxVga0kNDvLDbkss6vDwHr57V5awrMID3_4yjJdX3VFXg/viewform?usp=pp_url&entry.1442528882=https://twitter.com/byzkrglu03/status/1382680466373931008&entry.80025796=26748
",Neutral,Yes,No,No
1472902075361148935,"https://docs.google.com/forms/d/e/1FAIpQLSctrQxVga0kNDvLDbkss6vDwHr57V5awrMID3_4yjJdX3VFXg/viewform?usp=pp_url&entry.1442528882=https://twitter.com/Amor073232/status/1472902075361148935&entry.80025796=26748
",Neutral,No,Yes,No
1444255270016897025,"https://docs.google.com/forms/d/e/1FAIpQLSctrQxVga0kNDvLDbkss6vDwHr57V5awrMID3_4yjJdX3VFXg/viewform?usp=pp_url&entry.1442528882=https://twitter.com/Halil5102/status/1444255270016897025&entry.80025796=26748
",Neutral,No,No,No
1440364651699523590,"https://docs.google.com/forms/d/e/1FAIpQLSctrQxVga0kNDvLDbkss6vDwHr57V5awrMID3_4yjJdX3VFXg/viewform?usp=pp_url&entry.1442528882=https://twitter.com/safakal4/status/1440364651699523590&entry.80025796=26748
",Positive,No,No,No
1390408502955421700,"https://docs.google.com/forms/d/e/1FAIpQLSctrQxVga0kNDvLDbkss6vDwHr57V5awrMID3_4yjJdX3VFXg/viewform?usp=pp_url&entry.1442528882=https://twitter.com/denizims_/status/1390408502955421700&entry.80025796=26748
",Negative,No,Yes,No
1473030982286647305,"https://docs.google.com/forms/d/e/1FAIpQLSctrQxVga0kNDvLDbkss6vDwHr57V5awrMID3_4yjJdX3VFXg/viewform?usp=pp_url&entry.1442528882=https://twitter.com/yunnuss/status/1473030982286647305&entry.80025796=26748
",Positive,No,No,No
1387932542804930560,"https://docs.google.com/forms/d/e/1FAIpQLSctrQxVga0kNDvLDbkss6vDwHr57V5awrMID3_4yjJdX3VFXg/viewform?usp=pp_url&entry.1442528882=https://twitter.com/nurmiiaw/status/1387932542804930560&entry.80025796=26748
",Neutral,Yes,No,No
1460208216843984900,"https://docs.google.com/forms/d/e/1FAIpQLSctrQxVga0kNDvLDbkss6vDwHr57V5awrMID3_4yjJdX3VFXg/viewform?usp=pp_url&entry.1442528882=https://twitter.com/_MARAS_LI/status/1460208216843984900&entry.80025796=26748
",Negative,Yes,Yes,No
1426977535120785413,"https://docs.google.com/forms/d/e/1FAIpQLSctrQxVga0kNDvLDbkss6vDwHr57V5awrMID3_4yjJdX3VFXg/viewform?usp=pp_url&entry.1442528882=https://twitter.com/a_edotensei3/status/1426977535120785413&entry.80025796=26748
",Negative,No,Yes,Yes
1420355505541812232,"https://docs.google.com/forms/d/e/1FAIpQLSctrQxVga0kNDvLDbkss6vDwHr57V5awrMID3_4yjJdX3VFXg/viewform?usp=pp_url&entry.1442528882=https://twitter.com/birazciddiyetbe/status/1420355505541812232&entry.80025796=26748
",Neutral,No,No,No
1357970216777637889,"https://docs.google.com/forms/d/e/1FAIpQLSctrQxVga0kNDvLDbkss6vDwHr57V5awrMID3_4yjJdX3VFXg/viewform?usp=pp_url&entry.1442528882=https://twitter.com/ayaleyya/status/1357970216777637889&entry.80025796=26748
",Positive,No,No,No
1382434997676740616,"https://docs.google.com/forms/d/e/1FAIpQLSctrQxVga0kNDvLDbkss6vDwHr57V5awrMID3_4yjJdX3VFXg/viewform?usp=pp_url&entry.1442528882=https://twitter.com/ErenTozlu17/status/1382434997676740616&entry.80025796=26748
",Positive,No,No,No
1380989833452093440,"https://docs.google.com/forms/d/e/1FAIpQLSctrQxVga0kNDvLDbkss6vDwHr57V5awrMID3_4yjJdX3VFXg/viewform?usp=pp_url&entry.1442528882=https://twitter.com/Basak_krmn/status/1380989833452093440&entry.80025796=26748
",Neutral,No,No,No
1351979048612757504,"https://docs.google.com/forms/d/e/1FAIpQLSctrQxVga0kNDvLDbkss6vDwHr57V5awrMID3_4yjJdX3VFXg/viewform?usp=pp_url&entry.1442528882=https://twitter.com/acarxsaye/status/1351979048612757504&entry.80025796=26748
",Positive,No,No,No
1408523849151528966,"https://docs.google.com/forms/d/e/1FAIpQLSctrQxVga0kNDvLDbkss6vDwHr57V5awrMID3_4yjJdX3VFXg/viewform?usp=pp_url&entry.1442528882=https://twitter.com/SNFLWRFOOL/status/1408523849151528966&entry.80025796=26748
",Positive,No,No,No
1405470915928989696,"https://docs.google.com/forms/d/e/1FAIpQLSctrQxVga0kNDvLDbkss6vDwHr57V5awrMID3_4yjJdX3VFXg/viewform?usp=pp_url&entry.1442528882=https://twitter.com/gokcuuu/status/1405470915928989696&entry.80025796=26748
",Positive,Yes,Yes,No
1424954826568388630,"https://docs.google.com/forms/d/e/1FAIpQLSctrQxVga0kNDvLDbkss6vDwHr57V5awrMID3_4yjJdX3VFXg/viewform?usp=pp_url&entry.1442528882=https://twitter.com/soYildirim06/status/1424954826568388630&entry.80025796=26748
",Negative,No,Yes,No
1393523539995676673,"https://docs.google.com/forms/d/e/1FAIpQLSctrQxVga0kNDvLDbkss6vDwHr57V5awrMID3_4yjJdX3VFXg/viewform?usp=pp_url&entry.1442528882=https://twitter.com/chanbaekheaven/status/1393523539995676673&entry.80025796=26748
",Positive,No,No,No
1438204631285436418,"https://docs.google.com/forms/d/e/1FAIpQLSctrQxVga0kNDvLDbkss6vDwHr57V5awrMID3_4yjJdX3VFXg/viewform?usp=pp_url&entry.1442528882=https://twitter.com/DIINAZEINAB/status/1438204631285436418&entry.80025796=26748
",Neutral,No,No,No
1429067336900829195,"https://docs.google.com/forms/d/e/1FAIpQLSctrQxVga0kNDvLDbkss6vDwHr57V5awrMID3_4yjJdX3VFXg/viewform?usp=pp_url&entry.1442528882=https://twitter.com/AKTASYUCEL/status/1429067336900829195&entry.80025796=26748
",Negative,No,Yes,No
1441288590282018816,"https://docs.google.com/forms/d/e/1FAIpQLSctrQxVga0kNDvLDbkss6vDwHr57V5awrMID3_4yjJdX3VFXg/viewform?usp=pp_url&entry.1442528882=https://twitter.com/sedatatilla9/status/1441288590282018816&entry.80025796=26748
",Neutral,No,No,No
1471723948110979073,"https://docs.google.com/forms/d/e/1FAIpQLSctrQxVga0kNDvLDbkss6vDwHr57V5awrMID3_4yjJdX3VFXg/viewform?usp=pp_url&entry.1442528882=https://twitter.com/Garipyolcu_70/status/1471723948110979073&entry.80025796=26748
",Neutral,No,Yes,No
1441105638893834241,"https://docs.google.com/forms/d/e/1FAIpQLSctrQxVga0kNDvLDbkss6vDwHr57V5awrMID3_4yjJdX3VFXg/viewform?usp=pp_url&entry.1442528882=https://twitter.com/Sozverdinizbize/status/1441105638893834241&entry.80025796=26748
",Neutral,No,Yes,No
1441502483327639553,"https://docs.google.com/forms/d/e/1FAIpQLSctrQxVga0kNDvLDbkss6vDwHr57V5awrMID3_4yjJdX3VFXg/viewform?usp=pp_url&entry.1442528882=https://twitter.com/ozankilc/status/1441502483327639553&entry.80025796=26748
",Negative,No,No,Yes
1345446272484958209,"https://docs.google.com/forms/d/e/1FAIpQLSctrQxVga0kNDvLDbkss6vDwHr57V5awrMID3_4yjJdX3VFXg/viewform?usp=pp_url&entry.1442528882=https://twitter.com/ArmanOzak/status/1345446272484958209&entry.80025796=26748
",Neutral,No,No,No
1366712607189700609,"https://docs.google.com/forms/d/e/1FAIpQLSctrQxVga0kNDvLDbkss6vDwHr57V5awrMID3_4yjJdX3VFXg/viewform?usp=pp_url&entry.1442528882=https://twitter.com/enescaglar06/status/1366712607189700609&entry.80025796=26748
",Neutral,Yes,No,No
1446500720497336336,"https://docs.google.com/forms/d/e/1FAIpQLSctrQxVga0kNDvLDbkss6vDwHr57V5awrMID3_4yjJdX3VFXg/viewform?usp=pp_url&entry.1442528882=https://twitter.com/Turkbala/status/1446500720497336336&entry.80025796=26748
",Positive,No,No,No
1344910889741393920,"https://docs.google.com/forms/d/e/1FAIpQLSctrQxVga0kNDvLDbkss6vDwHr57V5awrMID3_4yjJdX3VFXg/viewform?usp=pp_url&entry.1442528882=https://twitter.com/liberalifter/status/1344910889741393920&entry.80025796=26748
",Neutral,No,No,No
1430455502803177473,"https://docs.google.com/forms/d/e/1FAIpQLSctrQxVga0kNDvLDbkss6vDwHr57V5awrMID3_4yjJdX3VFXg/viewform?usp=pp_url&entry.1442528882=https://twitter.com/duffymiduck/status/1430455502803177473&entry.80025796=26748
",Neutral,No,No,No
1473591956051828740,"https://docs.google.com/forms/d/e/1FAIpQLSctrQxVga0kNDvLDbkss6vDwHr57V5awrMID3_4yjJdX3VFXg/viewform?usp=pp_url&entry.1442528882=https://twitter.com/acelyaaslan35/status/1473591956051828740&entry.80025796=26748
",Neutral,No,Yes,No
1403505019673092100,"https://docs.google.com/forms/d/e/1FAIpQLSctrQxVga0kNDvLDbkss6vDwHr57V5awrMID3_4yjJdX3VFXg/viewform?usp=pp_url&entry.1442528882=https://twitter.com/bikiziste16/status/1403505019673092100&entry.80025796=26748
",Neutral,No,No,No
1350840598337617923,"https://docs.google.com/forms/d/e/1FAIpQLSctrQxVga0kNDvLDbkss6vDwHr57V5awrMID3_4yjJdX3VFXg/viewform?usp=pp_url&entry.1442528882=https://twitter.com/nekotopyo/status/1350840598337617923&entry.80025796=26748
",Positive,No,No,No
1423712661678796802,"https://docs.google.com/forms/d/e/1FAIpQLSctrQxVga0kNDvLDbkss6vDwHr57V5awrMID3_4yjJdX3VFXg/viewform?usp=pp_url&entry.1442528882=https://twitter.com/leobroncanelo/status/1423712661678796802&entry.80025796=26748
",Neutral,No,No,No
1363174118707912705,"https://docs.google.com/forms/d/e/1FAIpQLSctrQxVga0kNDvLDbkss6vDwHr57V5awrMID3_4yjJdX3VFXg/viewform?usp=pp_url&entry.1442528882=https://twitter.com/1paramedik2/status/1363174118707912705&entry.80025796=26748
",Neutral,No,Yes,No
1418854349451763714,"https://docs.google.com/forms/d/e/1FAIpQLSctrQxVga0kNDvLDbkss6vDwHr57V5awrMID3_4yjJdX3VFXg/viewform?usp=pp_url&entry.1442528882=https://twitter.com/yakisiklii13/status/1418854349451763714&entry.80025796=26748
",Neutral,No,No,No
1420886045151858689,"https://docs.google.com/forms/d/e/1FAIpQLSctrQxVga0kNDvLDbkss6vDwHr57V5awrMID3_4yjJdX3VFXg/viewform?usp=pp_url&entry.1442528882=https://twitter.com/Liqaullah2/status/1420886045151858689&entry.80025796=26748
",Neutral,No,No,No
1356704520542294023,"https://docs.google.com/forms/d/e/1FAIpQLSctrQxVga0kNDvLDbkss6vDwHr57V5awrMID3_4yjJdX3VFXg/viewform?usp=pp_url&entry.1442528882=https://twitter.com/grsamsa/status/1356704520542294023&entry.80025796=26748
",Neutral,No,Yes,No
1458670397898043394,"https://docs.google.com/forms/d/e/1FAIpQLSctrQxVga0kNDvLDbkss6vDwHr57V5awrMID3_4yjJdX3VFXg/viewform?usp=pp_url&entry.1442528882=https://twitter.com/Ayhan_AydinCHP/status/1458670397898043394&entry.80025796=26748
",Positive,No,Yes,No
1367193406137655308,"https://docs.google.com/forms/d/e/1FAIpQLSctrQxVga0kNDvLDbkss6vDwHr57V5awrMID3_4yjJdX3VFXg/viewform?usp=pp_url&entry.1442528882=https://twitter.com/BusraCab/status/1367193406137655308&entry.80025796=26748
",Neutral,No,No,No
1467056759303024644,"https://docs.google.com/forms/d/e/1FAIpQLSctrQxVga0kNDvLDbkss6vDwHr57V5awrMID3_4yjJdX3VFXg/viewform?usp=pp_url&entry.1442528882=https://twitter.com/hakanafsar01/status/1467056759303024644&entry.80025796=26748
",Negative,Yes,Yes,No
1469581609850609666,"https://docs.google.com/forms/d/e/1FAIpQLSctrQxVga0kNDvLDbkss6vDwHr57V5awrMID3_4yjJdX3VFXg/viewform?usp=pp_url&entry.1442528882=https://twitter.com/Foto43311060/status/1469581609850609666&entry.80025796=26748
",Neutral,Yes,Yes,No
1454882901980495876,"https://docs.google.com/forms/d/e/1FAIpQLSctrQxVga0kNDvLDbkss6vDwHr57V5awrMID3_4yjJdX3VFXg/viewform?usp=pp_url&entry.1442528882=https://twitter.com/itsSerMassey/status/1454882901980495876&entry.80025796=26748
",Positive,No,No,No
1377017423661051905,"https://docs.google.com/forms/d/e/1FAIpQLSctrQxVga0kNDvLDbkss6vDwHr57V5awrMID3_4yjJdX3VFXg/viewform?usp=pp_url&entry.1442528882=https://twitter.com/DACI60808813/status/1377017423661051905&entry.80025796=26748
",Neutral,Yes,No,No
1453654946080071683,"https://docs.google.com/forms/d/e/1FAIpQLSctrQxVga0kNDvLDbkss6vDwHr57V5awrMID3_4yjJdX3VFXg/viewform?usp=pp_url&entry.1442528882=https://twitter.com/futbollium/status/1453654946080071683&entry.80025796=26748
",Neutral,No,No,No
1414178054914650112,"https://docs.google.com/forms/d/e/1FAIpQLSctrQxVga0kNDvLDbkss6vDwHr57V5awrMID3_4yjJdX3VFXg/viewform?usp=pp_url&entry.1442528882=https://twitter.com/35_narsu/status/1414178054914650112&entry.80025796=26748
",Positive,No,No,No
1415700381745692672,"https://docs.google.com/forms/d/e/1FAIpQLSctrQxVga0kNDvLDbkss6vDwHr57V5awrMID3_4yjJdX3VFXg/viewform?usp=pp_url&entry.1442528882=https://twitter.com/sevvalss6/status/1415700381745692672&entry.80025796=26748
",Neutral,Yes,No,No
1421573794402086913,"https://docs.google.com/forms/d/e/1FAIpQLSctrQxVga0kNDvLDbkss6vDwHr57V5awrMID3_4yjJdX3VFXg/viewform?usp=pp_url&entry.1442528882=https://twitter.com/dondualabacak/status/1421573794402086913&entry.80025796=26748
",Neutral,No,No,No
1426893944273707010,"https://docs.google.com/forms/d/e/1FAIpQLSctrQxVga0kNDvLDbkss6vDwHr57V5awrMID3_4yjJdX3VFXg/viewform?usp=pp_url&entry.1442528882=https://twitter.com/Sude01234/status/1426893944273707010&entry.80025796=26748
",Neutral,No,Yes,No
1409407509316747267,"https://docs.google.com/forms/d/e/1FAIpQLSctrQxVga0kNDvLDbkss6vDwHr57V5awrMID3_4yjJdX3VFXg/viewform?usp=pp_url&entry.1442528882=https://twitter.com/okanaker/status/1409407509316747267&entry.80025796=26748
",Positive,No,No,No
1429660910352744450,"https://docs.google.com/forms/d/e/1FAIpQLSctrQxVga0kNDvLDbkss6vDwHr57V5awrMID3_4yjJdX3VFXg/viewform?usp=pp_url&entry.1442528882=https://twitter.com/sensualthinker/status/1429660910352744450&entry.80025796=26748
",Neutral,Yes,No,No
1432393781723242500,"https://docs.google.com/forms/d/e/1FAIpQLSctrQxVga0kNDvLDbkss6vDwHr57V5awrMID3_4yjJdX3VFXg/viewform?usp=pp_url&entry.1442528882=https://twitter.com/korkmaz8080/status/1432393781723242500&entry.80025796=26748
",Neutral,No,No,No
1450670600570146816,"https://docs.google.com/forms/d/e/1FAIpQLSctrQxVga0kNDvLDbkss6vDwHr57V5awrMID3_4yjJdX3VFXg/viewform?usp=pp_url&entry.1442528882=https://twitter.com/asilturk1989/status/1450670600570146816&entry.80025796=26748
",Negative,No,Yes,Yes
1358353227637551112,"https://docs.google.com/forms/d/e/1FAIpQLSctrQxVga0kNDvLDbkss6vDwHr57V5awrMID3_4yjJdX3VFXg/viewform?usp=pp_url&entry.1442528882=https://twitter.com/umit_sungu_/status/1358353227637551112&entry.80025796=26748
",Neutral,No,Yes,No
1430964534865547267,"https://docs.google.com/forms/d/e/1FAIpQLSctrQxVga0kNDvLDbkss6vDwHr57V5awrMID3_4yjJdX3VFXg/viewform?usp=pp_url&entry.1442528882=https://twitter.com/GuvendirMustafa/status/1430964534865547267&entry.80025796=26748
",Neutral,No,No,No
1390009480352616453,"https://docs.google.com/forms/d/e/1FAIpQLSctrQxVga0kNDvLDbkss6vDwHr57V5awrMID3_4yjJdX3VFXg/viewform?usp=pp_url&entry.1442528882=https://twitter.com/Ferdizil7/status/1390009480352616453&entry.80025796=26748
",Neutral,No,Yes,No
1448583273240842241,"https://docs.google.com/forms/d/e/1FAIpQLSctrQxVga0kNDvLDbkss6vDwHr57V5awrMID3_4yjJdX3VFXg/viewform?usp=pp_url&entry.1442528882=https://twitter.com/ibrhmTrzoglu/status/1448583273240842241&entry.80025796=26748
",Negative,No,Yes,Yes
1443144660298383367,"https://docs.google.com/forms/d/e/1FAIpQLSctrQxVga0kNDvLDbkss6vDwHr57V5awrMID3_4yjJdX3VFXg/viewform?usp=pp_url&entry.1442528882=https://twitter.com/_gokkhan/status/1443144660298383367&entry.80025796=26748
",Neutral,No,No,No
1366689565780680704,"https://docs.google.com/forms/d/e/1FAIpQLSctrQxVga0kNDvLDbkss6vDwHr57V5awrMID3_4yjJdX3VFXg/viewform?usp=pp_url&entry.1442528882=https://twitter.com/hasannnn12/status/1366689565780680704&entry.80025796=26748
",Negative,No,Yes,Yes
1351058108651630593,"https://docs.google.com/forms/d/e/1FAIpQLSctrQxVga0kNDvLDbkss6vDwHr57V5awrMID3_4yjJdX3VFXg/viewform?usp=pp_url&entry.1442528882=https://twitter.com/Simaysu34/status/1351058108651630593&entry.80025796=26748
",Positive,No,No,No
1471935548755435529,"https://docs.google.com/forms/d/e/1FAIpQLSctrQxVga0kNDvLDbkss6vDwHr57V5awrMID3_4yjJdX3VFXg/viewform?usp=pp_url&entry.1442528882=https://twitter.com/witchfelii/status/1471935548755435529&entry.80025796=26748
",Negative,Yes,Yes,No
1424618358201364482,"https://docs.google.com/forms/d/e/1FAIpQLSctrQxVga0kNDvLDbkss6vDwHr57V5awrMID3_4yjJdX3VFXg/viewform?usp=pp_url&entry.1442528882=https://twitter.com/erdemabaka/status/1424618358201364482&entry.80025796=26748
",Neutral,No,Yes,No
1371769371685756930,"https://docs.google.com/forms/d/e/1FAIpQLSctrQxVga0kNDvLDbkss6vDwHr57V5awrMID3_4yjJdX3VFXg/viewform?usp=pp_url&entry.1442528882=https://twitter.com/Mervemsiii3/status/1371769371685756930&entry.80025796=26748
",Positive,No,No,No
1459918078863622146,"https://docs.google.com/forms/d/e/1FAIpQLSctrQxVga0kNDvLDbkss6vDwHr57V5awrMID3_4yjJdX3VFXg/viewform?usp=pp_url&entry.1442528882=https://twitter.com/DeliZiraatci/status/1459918078863622146&entry.80025796=26748
",Neutral,No,Yes,No
1386220168293101570,"https://docs.google.com/forms/d/e/1FAIpQLSctrQxVga0kNDvLDbkss6vDwHr57V5awrMID3_4yjJdX3VFXg/viewform?usp=pp_url&entry.1442528882=https://twitter.com/ayhanuludemir/status/1386220168293101570&entry.80025796=26748
",Positive,No,No,No
1359214727591849996,"https://docs.google.com/forms/d/e/1FAIpQLSctrQxVga0kNDvLDbkss6vDwHr57V5awrMID3_4yjJdX3VFXg/viewform?usp=pp_url&entry.1442528882=https://twitter.com/handelendi/status/1359214727591849996&entry.80025796=26748
",Neutral,No,No,No
1453272462888669187,"https://docs.google.com/forms/d/e/1FAIpQLSctrQxVga0kNDvLDbkss6vDwHr57V5awrMID3_4yjJdX3VFXg/viewform?usp=pp_url&entry.1442528882=https://twitter.com/AkDevlet06/status/1453272462888669187&entry.80025796=26748
",Neutral,No,Yes,No
1417039698917273603,"https://docs.google.com/forms/d/e/1FAIpQLSctrQxVga0kNDvLDbkss6vDwHr57V5awrMID3_4yjJdX3VFXg/viewform?usp=pp_url&entry.1442528882=https://twitter.com/busrabykgz/status/1417039698917273603&entry.80025796=26748
",Neutral,Yes,Yes,No
1400865115910639621,"https://docs.google.com/forms/d/e/1FAIpQLSctrQxVga0kNDvLDbkss6vDwHr57V5awrMID3_4yjJdX3VFXg/viewform?usp=pp_url&entry.1442528882=https://twitter.com/ErsinBolkol/status/1400865115910639621&entry.80025796=26748
",Negative,No,Yes,No
1403654809174093825,"https://docs.google.com/forms/d/e/1FAIpQLSctrQxVga0kNDvLDbkss6vDwHr57V5awrMID3_4yjJdX3VFXg/viewform?usp=pp_url&entry.1442528882=https://twitter.com/Keremm_Ercan/status/1403654809174093825&entry.80025796=26748
",Negative,No,Yes,Yes
1444299718272618496,"https://docs.google.com/forms/d/e/1FAIpQLSctrQxVga0kNDvLDbkss6vDwHr57V5awrMID3_4yjJdX3VFXg/viewform?usp=pp_url&entry.1442528882=https://twitter.com/ugurdilarademir/status/1444299718272618496&entry.80025796=26748
",Neutral,No,Yes,No
1371502521240420357,"https://docs.google.com/forms/d/e/1FAIpQLSctrQxVga0kNDvLDbkss6vDwHr57V5awrMID3_4yjJdX3VFXg/viewform?usp=pp_url&entry.1442528882=https://twitter.com/eskbeslemegrup/status/1371502521240420357&entry.80025796=26748
",Positive,Yes,No,No
1396740868938293254,"https://docs.google.com/forms/d/e/1FAIpQLSctrQxVga0kNDvLDbkss6vDwHr57V5awrMID3_4yjJdX3VFXg/viewform?usp=pp_url&entry.1442528882=https://twitter.com/MukadderGuneri/status/1396740868938293254&entry.80025796=26748
",Neutral,No,Yes,No
1416676063216799754,"https://docs.google.com/forms/d/e/1FAIpQLSctrQxVga0kNDvLDbkss6vDwHr57V5awrMID3_4yjJdX3VFXg/viewform?usp=pp_url&entry.1442528882=https://twitter.com/murtaza91000878/status/1416676063216799754&entry.80025796=26748
",Positive,No,Yes,No
1368296666210709511,"https://docs.google.com/forms/d/e/1FAIpQLSctrQxVga0kNDvLDbkss6vDwHr57V5awrMID3_4yjJdX3VFXg/viewform?usp=pp_url&entry.1442528882=https://twitter.com/manolya4733/status/1368296666210709511&entry.80025796=26748
",Positive,No,No,No
1437280979694067712,"https://docs.google.com/forms/d/e/1FAIpQLSctrQxVga0kNDvLDbkss6vDwHr57V5awrMID3_4yjJdX3VFXg/viewform?usp=pp_url&entry.1442528882=https://twitter.com/adamasalii3/status/1437280979694067712&entry.80025796=26748
",Neutral,No,No,No
1437375824643207174,"https://docs.google.com/forms/d/e/1FAIpQLSctrQxVga0kNDvLDbkss6vDwHr57V5awrMID3_4yjJdX3VFXg/viewform?usp=pp_url&entry.1442528882=https://twitter.com/deniztunclgbti/status/1437375824643207174&entry.80025796=26748
",Negative,No,Yes,No
1403321638796640256,"https://docs.google.com/forms/d/e/1FAIpQLSctrQxVga0kNDvLDbkss6vDwHr57V5awrMID3_4yjJdX3VFXg/viewform?usp=pp_url&entry.1442528882=https://twitter.com/AhmetCan1905G/status/1403321638796640256&entry.80025796=26748
",Negative,No,No,No
1429408100906414081,"https://docs.google.com/forms/d/e/1FAIpQLSctrQxVga0kNDvLDbkss6vDwHr57V5awrMID3_4yjJdX3VFXg/viewform?usp=pp_url&entry.1442528882=https://twitter.com/direnen_biri/status/1429408100906414081&entry.80025796=26748
",Neutral,No,Yes,No
1396466566917758976,"https://docs.google.com/forms/d/e/1FAIpQLSctrQxVga0kNDvLDbkss6vDwHr57V5awrMID3_4yjJdX3VFXg/viewform?usp=pp_url&entry.1442528882=https://twitter.com/AGul124/status/1396466566917758976&entry.80025796=26748
",Neutral,No,No,No
1364989322890420228,"https://docs.google.com/forms/d/e/1FAIpQLSctrQxVga0kNDvLDbkss6vDwHr57V5awrMID3_4yjJdX3VFXg/viewform?usp=pp_url&entry.1442528882=https://twitter.com/Mindfukkkk/status/1364989322890420228&entry.80025796=26748
",Negative,No,Yes,Yes
1389149342712410113,"https://docs.google.com/forms/d/e/1FAIpQLSctrQxVga0kNDvLDbkss6vDwHr57V5awrMID3_4yjJdX3VFXg/viewform?usp=pp_url&entry.1442528882=https://twitter.com/kadirsak_55/status/1389149342712410113&entry.80025796=26748
",Neutral,No,Yes,Yes
1352943747345092611,"https://docs.google.com/forms/d/e/1FAIpQLSctrQxVga0kNDvLDbkss6vDwHr57V5awrMID3_4yjJdX3VFXg/viewform?usp=pp_url&entry.1442528882=https://twitter.com/tiziannoferrox/status/1352943747345092611&entry.80025796=26748
",Neutral,No,No,No
1445799194669854720,"https://docs.google.com/forms/d/e/1FAIpQLSctrQxVga0kNDvLDbkss6vDwHr57V5awrMID3_4yjJdX3VFXg/viewform?usp=pp_url&entry.1442528882=https://twitter.com/mutlukaraali/status/1445799194669854720&entry.80025796=26748
",Neutral,No,No,No
1426204499501273092,"https://docs.google.com/forms/d/e/1FAIpQLSctrQxVga0kNDvLDbkss6vDwHr57V5awrMID3_4yjJdX3VFXg/viewform?usp=pp_url&entry.1442528882=https://twitter.com/tonu_siyahin/status/1426204499501273092&entry.80025796=26748
",Negative,No,Yes,Yes
1351589998424940544,"https://docs.google.com/forms/d/e/1FAIpQLSctrQxVga0kNDvLDbkss6vDwHr57V5awrMID3_4yjJdX3VFXg/viewform?usp=pp_url&entry.1442528882=https://twitter.com/MehmetZ99495003/status/1351589998424940544&entry.80025796=26748
",Neutral,No,Yes,No
1408859975666053126,"https://docs.google.com/forms/d/e/1FAIpQLSctrQxVga0kNDvLDbkss6vDwHr57V5awrMID3_4yjJdX3VFXg/viewform?usp=pp_url&entry.1442528882=https://twitter.com/Xyal51498487/status/1408859975666053126&entry.80025796=26748
",Negative,Yes,No,No
1417185658188156939,"https://docs.google.com/forms/d/e/1FAIpQLSctrQxVga0kNDvLDbkss6vDwHr57V5awrMID3_4yjJdX3VFXg/viewform?usp=pp_url&entry.1442528882=https://twitter.com/seokjindiIf/status/1417185658188156939&entry.80025796=26748
",Neutral,No,No,No
1425410638231351297,"https://docs.google.com/forms/d/e/1FAIpQLSctrQxVga0kNDvLDbkss6vDwHr57V5awrMID3_4yjJdX3VFXg/viewform?usp=pp_url&entry.1442528882=https://twitter.com/tarifiyok_/status/1425410638231351297&entry.80025796=26748
",Negative,No,Yes,Yes
1423773832670818305,"https://docs.google.com/forms/d/e/1FAIpQLSctrQxVga0kNDvLDbkss6vDwHr57V5awrMID3_4yjJdX3VFXg/viewform?usp=pp_url&entry.1442528882=https://twitter.com/CanDazk/status/1423773832670818305&entry.80025796=26748
",Negative,Yes,No,No
1393506733402820608,"https://docs.google.com/forms/d/e/1FAIpQLSctrQxVga0kNDvLDbkss6vDwHr57V5awrMID3_4yjJdX3VFXg/viewform?usp=pp_url&entry.1442528882=https://twitter.com/goncaimamoglu/status/1393506733402820608&entry.80025796=26748
",Positive,No,Yes,No
1374692704655978496,"https://docs.google.com/forms/d/e/1FAIpQLSctrQxVga0kNDvLDbkss6vDwHr57V5awrMID3_4yjJdX3VFXg/viewform?usp=pp_url&entry.1442528882=https://twitter.com/mutant10line/status/1374692704655978496&entry.80025796=26748
",Neutral,No,No,No
1364309287351287809,"https://docs.google.com/forms/d/e/1FAIpQLSctrQxVga0kNDvLDbkss6vDwHr57V5awrMID3_4yjJdX3VFXg/viewform?usp=pp_url&entry.1442528882=https://twitter.com/Anilgulle/status/1364309287351287809&entry.80025796=26748
",Positive,No,No,No
1388856995109916672,"https://docs.google.com/forms/d/e/1FAIpQLSctrQxVga0kNDvLDbkss6vDwHr57V5awrMID3_4yjJdX3VFXg/viewform?usp=pp_url&entry.1442528882=https://twitter.com/_0355/status/1388856995109916672&entry.80025796=26748
",Neutral,No,No,No
1422190565358252033,"https://docs.google.com/forms/d/e/1FAIpQLSctrQxVga0kNDvLDbkss6vDwHr57V5awrMID3_4yjJdX3VFXg/viewform?usp=pp_url&entry.1442528882=https://twitter.com/mrsdgn/status/1422190565358252033&entry.80025796=26748
",Neutral,No,Yes,No
1396718660937416709,"https://docs.google.com/forms/d/e/1FAIpQLSctrQxVga0kNDvLDbkss6vDwHr57V5awrMID3_4yjJdX3VFXg/viewform?usp=pp_url&entry.1442528882=https://twitter.com/sedangmengetiq/status/1396718660937416709&entry.80025796=26748
",Neutral,No,No,No
1440440198186164229,"https://docs.google.com/forms/d/e/1FAIpQLSctrQxVga0kNDvLDbkss6vDwHr57V5awrMID3_4yjJdX3VFXg/viewform?usp=pp_url&entry.1442528882=https://twitter.com/kdr_atk/status/1440440198186164229&entry.80025796=26748
",Negative,No,Yes,Yes
1433146607281840132,"https://docs.google.com/forms/d/e/1FAIpQLSctrQxVga0kNDvLDbkss6vDwHr57V5awrMID3_4yjJdX3VFXg/viewform?usp=pp_url&entry.1442528882=https://twitter.com/enby31/status/1433146607281840132&entry.80025796=26748
",Positive,No,No,No
